"genus","site","habitat","n_plants","plants_present","mean_rel_abund"
"Absconditella","BEL","forest",10,0,0
"Acanthobasidium","BEL","forest",10,0,0
"Acaulospora","BEL","forest",10,1,5.46958490057978e-05
"Acephala","BEL","forest",10,0,0
"Acidomelania","BEL","forest",10,0,0
"Acremonium","BEL","forest",10,1,1.51465428016055e-06
"Acrodictys","BEL","forest",10,1,1.74197283547067e-05
"Acrodontium","BEL","forest",10,0,0
"Ainoa","BEL","forest",10,0,0
"Alfaria","BEL","forest",10,4,0.000361626224958216
"Angustimassarina","BEL","forest",10,0,0
"Apenidiella","BEL","forest",10,1,4.4257719020387e-06
"Aphanobasidium","BEL","forest",10,0,0
"Aphanocladium","BEL","forest",10,0,0
"Apiotrichum","BEL","forest",10,6,0.00263250883826648
"Apodus","BEL","forest",10,0,0
"Arachnopeziza","BEL","forest",10,8,0.000397216753415338
"Archaeorhizomyces","BEL","forest",10,2,6.38747941575467e-05
"Arcopilus","BEL","forest",10,0,0
"Arrhenia","BEL","forest",10,0,0
"Arthrinium","BEL","forest",10,0,0
"Arthroderma","BEL","forest",10,0,0
"Ascocoryne","BEL","forest",10,0,0
"Aspergillus","BEL","forest",10,0,0
"Asterostroma","BEL","forest",10,0,0
"Athelia","BEL","forest",10,0,0
"Athelopsis","BEL","forest",10,5,0.000997427339140412
"Atheniella","BEL","forest",10,0,0
"Atractospora","BEL","forest",10,0,0
"Aureobasidium","BEL","forest",10,1,6.63865785305805e-06
"Auricularia","BEL","forest",10,0,0
"Bandoniozyma","BEL","forest",10,1,1.79552958022763e-06
"Bannoa","BEL","forest",10,0,0
"Basidiobolus","BEL","forest",10,1,5.12344951609019e-06
"Basidiodendron","BEL","forest",10,1,0.00047033266557708
"Beauveria","BEL","forest",10,3,9.72103446106513e-05
"Bimuria","BEL","forest",10,0,0
"Bjerkandera","BEL","forest",10,7,0.00033670615699945
"Blastenia","BEL","forest",10,0,0
"Botryobasidium","BEL","forest",10,0,0
"Botrytis","BEL","forest",10,5,0.000105412619030836
"Brocchiosphaera","BEL","forest",10,0,0
"Brunneochlamydosporium","BEL","forest",10,0,0
"Bryochiton","BEL","forest",10,2,2.57979909637348e-05
"Cadophora","BEL","forest",10,0,0
"Calophoma","BEL","forest",10,2,1.33842890185715e-05
"Calycina","BEL","forest",10,0,0
"Calyptrozyma","BEL","forest",10,0,0
"Camarophyllopsis","BEL","forest",10,0,0
"Camposporium","BEL","forest",10,0,0
"Camptophora","BEL","forest",10,0,0
"Candida","BEL","forest",10,2,0.000130301570514004
"Capnobotryella","BEL","forest",10,2,0.00155414231661909
"Capronia","BEL","forest",10,9,0.011685506244526
"Carcinomyces","BEL","forest",10,0,0
"Carlosrosaea","BEL","forest",10,2,9.2682063633071e-06
"Catenulostroma","BEL","forest",10,0,0
"Cephalotheca","BEL","forest",10,5,0.00337926420103478
"Ceratobasidium","BEL","forest",10,1,0.00010025290135197
"Ceriporia","BEL","forest",10,1,1.59675903537506e-05
"Chaetocapnodium","BEL","forest",10,1,1.39684783614807e-05
"Chaetosphaeria","BEL","forest",10,0,0
"Chalara","BEL","forest",10,2,6.69219612169307e-05
"Chloridium","BEL","forest",10,7,0.0023191473150018
"Chromocyphella","BEL","forest",10,0,0
"Cladia","BEL","forest",10,0,0
"Cladophialophora","BEL","forest",10,8,0.000518811981284579
"Cladosporium","BEL","forest",10,4,0.000450452050695093
"Clathrosphaerina","BEL","forest",10,0,0
"Clathrus","BEL","forest",10,3,0.000219136322334399
"Clavaria","BEL","forest",10,2,3.15759658080193e-05
"Clavulinopsis","BEL","forest",10,0,0
"Clitopilus","BEL","forest",10,0,0
"Clohesyomyces","BEL","forest",10,0,0
"Clonostachys","BEL","forest",10,1,0.000226321444086897
"Clypeosphaeria","BEL","forest",10,0,0
"Codinaea","BEL","forest",10,0,0
"Colacogloea","BEL","forest",10,1,6.2843535307967e-06
"Coleophoma","BEL","forest",10,1,1.51465428016055e-06
"Collarina","BEL","forest",10,0,0
"Colletotrichum","BEL","forest",10,3,1.63922272827809e-05
"Collybiopsis","BEL","forest",10,0,0
"Colpoma","BEL","forest",10,0,0
"Coniella","BEL","forest",10,0,0
"Coniochaeta","BEL","forest",10,0,0
"Conlarium","BEL","forest",10,5,0.000112946238095606
"Coprinellus","BEL","forest",10,0,0
"Coprinopsis","BEL","forest",10,1,4.10595180525014e-06
"Cora","BEL","forest",10,0,0
"Cordyceps","BEL","forest",10,2,3.93607921543272e-05
"Cortinarius","BEL","forest",10,1,4.88152047957517e-05
"Cotylidia","BEL","forest",10,0,0
"Crocicreas","BEL","forest",10,3,0.000346530097499278
"Cryptocoryneum","BEL","forest",10,2,2.21434042600381e-05
"Cryptodiscus","BEL","forest",10,4,0.0208624428745336
"Cudoniella","BEL","forest",10,0,0
"Curvibasidium","BEL","forest",10,2,3.87643132938217e-05
"Cutaneotrichosporon","BEL","forest",10,0,0
"Cyathicula","BEL","forest",10,0,0
"Cylindrocladiella","BEL","forest",10,7,0.00187733103531402
"Cylindrodendrum","BEL","forest",10,0,0
"Cylindrosympodioides","BEL","forest",10,1,1.00976952010704e-06
"Cyphellophora","BEL","forest",10,3,1.32212352877003e-05
"Cyphellostereum","BEL","forest",10,0,0
"Cystoderma","BEL","forest",10,0,0
"Cystofilobasidium","BEL","forest",10,1,2.35612888024975e-06
"Cystolepiota","BEL","forest",10,0,0
"Dactylonectria","BEL","forest",10,0,0
"Dendrochytridium","BEL","forest",10,0,0
"Derxomyces","BEL","forest",10,1,2.64040563231526e-05
"Devriesia","BEL","forest",10,2,7.31263279691429e-05
"Diaporthe","BEL","forest",10,0,0
"Dictyochaeta","BEL","forest",10,0,0
"Dictyolus","BEL","forest",10,1,1.58826934998796e-05
"Dictyosporium","BEL","forest",10,0,0
"Dinemasporium","BEL","forest",10,2,9.55333797962067e-05
"Dioszegia","BEL","forest",10,0,0
"Dissoderma","BEL","forest",10,0,0
"Dissophora","BEL","forest",10,4,0.0014750480477447
"Dominikia","BEL","forest",10,0,0
"Dothiorella","BEL","forest",10,0,0
"Durella","BEL","forest",10,2,7.92094926060249e-05
"Endoradiciella","BEL","forest",10,0,0
"Entoloma","BEL","forest",10,4,0.000156199152440285
"Eocronartium","BEL","forest",10,1,2.27800810970887e-05
"Epicoccum","BEL","forest",10,0,0
"Exophiala","BEL","forest",10,2,8.43118414193941e-06
"Farysia","BEL","forest",10,0,0
"Fellhanera","BEL","forest",10,0,0
"Fellozyma","BEL","forest",10,1,8.21190361050029e-06
"Filobasidium","BEL","forest",10,0,0
"Flagelloscypha","BEL","forest",10,0,0
"Flavocillium","BEL","forest",10,1,2.09859758935007e-05
"Flexuomyces","BEL","forest",10,1,1.14054216812504e-05
"Fulvoflamma","BEL","forest",10,0,0
"Funiliomyces","BEL","forest",10,1,6.95478441748939e-06
"Fusarium","BEL","forest",10,2,0.000120210994711881
"Fusidium","BEL","forest",10,0,0
"Galerina","BEL","forest",10,1,7.01357746083742e-06
"Genolevuria","BEL","forest",10,0,0
"Geoglossum","BEL","forest",10,0,0
"Glomerobolus","BEL","forest",10,0,0
"Glomus","BEL","forest",10,0,0
"Glutinoglossum","BEL","forest",10,0,0
"Gorgomyces","BEL","forest",10,5,0.00109510195082131
"Gremmenia","BEL","forest",10,0,0
"Gryganskiella","BEL","forest",10,0,0
"Gymnopilus","BEL","forest",10,0,0
"Gymnopus","BEL","forest",10,0,0
"Gyoerffyella","BEL","forest",10,7,0.00559782109797284
"Gyromitra","BEL","forest",10,4,0.000170240626465327
"Hannaella","BEL","forest",10,3,0.00019683399916801
"Hansfordia","BEL","forest",10,1,1.51465428016055e-06
"Haptocillium","BEL","forest",10,4,9.93954768825769e-05
"Harknessia","BEL","forest",10,0,0
"Helicoon","BEL","forest",10,2,0.000269250357225366
"Helicosporium","BEL","forest",10,0,0
"Hemibeltrania","BEL","forest",10,0,0
"Henningsia","BEL","forest",10,0,0
"Hyalorbilia","BEL","forest",10,0,0
"Hyaloscypha","BEL","forest",10,3,0.00168644601298315
"Hygrocybe","BEL","forest",10,0,0
"Hyphodontia","BEL","forest",10,1,0.000150476244669316
"Hypochnicium","BEL","forest",10,1,4.78573520857142e-05
"Ilyonectria","BEL","forest",10,9,0.00997950253241089
"Infundichalara","BEL","forest",10,0,0
"Jalapriya","BEL","forest",10,0,0
"Juncaceicola","BEL","forest",10,0,0
"Knufia","BEL","forest",10,4,0.00276684219009094
"Kockovaella","BEL","forest",10,0,0
"Krasilnikovozyma","BEL","forest",10,1,2.69271872028543e-06
"Kurtzmanomyces","BEL","forest",10,0,0
"Laburnicola","BEL","forest",10,0,0
"Lachnellula","BEL","forest",10,1,3.74011814674584e-05
"Lachnum","BEL","forest",10,4,0.0303453451932933
"Lapidomyces","BEL","forest",10,0,0
"Lecanicillium","BEL","forest",10,4,4.65933494211084e-05
"Lecophagus","BEL","forest",10,0,0
"Leohumicola","BEL","forest",10,1,0.00150126557910975
"Leptobacillium","BEL","forest",10,7,0.000320801300662453
"Leptodontidium","BEL","forest",10,0,0
"Leucosporidium","BEL","forest",10,1,4.37566792046382e-06
"Liangia","BEL","forest",10,0,0
"Libkindia","BEL","forest",10,1,1.82486746900006e-06
"Linnemannia","BEL","forest",10,6,0.000485176503410086
"Lithohypha","BEL","forest",10,0,0
"Luellia","BEL","forest",10,5,0.00738137247699747
"Lunasporangiospora","BEL","forest",10,0,0
"Maasoglossum","BEL","forest",10,0,0
"Malassezia","BEL","forest",10,0,0
"Marasmiellus","BEL","forest",10,0,0
"Marchantiana","BEL","forest",10,0,0
"Mariannaea","BEL","forest",10,1,5.28042846905292e-06
"Martininia","BEL","forest",10,0,0
"Megalaria","BEL","forest",10,0,0
"Melanconiella","BEL","forest",10,1,3.64195427266271e-05
"Metapochonia","BEL","forest",10,5,0.000200147994949467
"Metarhizium","BEL","forest",10,0,0
"Micarea","BEL","forest",10,1,0.000126656957675123
"Microcera","BEL","forest",10,0,0
"Microdochium","BEL","forest",10,6,0.00042798354235529
"Microscypha","BEL","forest",10,0,0
"Mollisia","BEL","forest",10,0,0
"Morchella","BEL","forest",10,0,0
"Mortierella","BEL","forest",10,10,0.00395771348287756
"Mucor","BEL","forest",10,5,0.000177281879894211
"Mycena","BEL","forest",10,3,0.000973281824482132
"Myrmecridium","BEL","forest",10,3,0.000134062847807972
"Naganishia","BEL","forest",10,0,0
"Nagrajchalara","BEL","forest",10,3,0.000629776729703593
"Nakataea","BEL","forest",10,0,0
"Nectriopsis","BEL","forest",10,0,0
"Neoascochyta","BEL","forest",10,2,7.27746645942093e-06
"Neochalara","BEL","forest",10,2,1.83500958851965e-05
"Neocoleroa","BEL","forest",10,0,0
"Neofabraea","BEL","forest",10,0,0
"Neokalmusia","BEL","forest",10,1,1.9510469317836e-05
"Neonectria","BEL","forest",10,0,0
"Neophaeomoniella","BEL","forest",10,0,0
"Neophaeosphaeria","BEL","forest",10,0,0
"Neopyrenochaeta","BEL","forest",10,2,1.93856207619367e-05
"Neosorocybe","BEL","forest",10,0,0
"Neovaginatispora","BEL","forest",10,1,2.47538028029556e-06
"Neptunomyces","BEL","forest",10,0,0
"Nigrograna","BEL","forest",10,0,0
"Nigrospora","BEL","forest",10,1,2.26211325160537e-05
"Normandina","BEL","forest",10,0,0
"Obeliospora","BEL","forest",10,4,0.0253730849453189
"Occultifur","BEL","forest",10,0,0
"Occultitheca","BEL","forest",10,0,0
"Oidiodendron","BEL","forest",10,9,0.026041383948142
"Oliveonia","BEL","forest",10,2,6.39512777661459e-06
"Ophiocordyceps","BEL","forest",10,1,4.09875961287215e-06
"Orbilia","BEL","forest",10,1,1.04321766262341e-05
"Ovicillium","BEL","forest",10,0,0
"Papiliotrema","BEL","forest",10,2,2.96804730224472e-05
"Paraphaeosphaeria","BEL","forest",10,6,0.00192348914601025
"Pectenia","BEL","forest",10,0,0
"Pellidiscus","BEL","forest",10,0,0
"Penicillium","BEL","forest",10,7,0.000449248878623696
"Peniophorella","BEL","forest",10,1,4.50863557415937e-05
"Periconia","BEL","forest",10,2,5.6737298838523e-05
"Pestalotiopsis","BEL","forest",10,10,0.000805539062503784
"Pezicula","BEL","forest",10,10,0.0341338198993353
"Pezizellaster","BEL","forest",10,0,0
"Pezoloma","BEL","forest",10,0,0
"Phaeosphaeria","BEL","forest",10,0,0
"Phaeotremella","BEL","forest",10,2,7.49904822482599e-06
"Phialocephala","BEL","forest",10,0,0
"Pholiota","BEL","forest",10,0,0
"Phylloscypha","BEL","forest",10,1,6.95767712338206e-06
"Pilidium","BEL","forest",10,4,0.000141499163441207
"Piptocephalis","BEL","forest",10,0,0
"Piskurozyma","BEL","forest",10,6,0.000408408879673191
"Placynthiella","BEL","forest",10,0,0
"Plectosphaerella","BEL","forest",10,3,4.03452168351107e-05
"Pleuroascus","BEL","forest",10,1,0.000297723292469352
"Pochonia","BEL","forest",10,3,0.000358126022675722
"Podila","BEL","forest",10,5,0.00203506074097429
"Podospora","BEL","forest",10,1,4.63048471809973e-05
"Polydesmia","BEL","forest",10,3,0.000559579889763875
"Polylobatispora","BEL","forest",10,0,0
"Polyscytalum","BEL","forest",10,1,8.41474600089196e-07
"Porpidia","BEL","forest",10,0,0
"Preussia","BEL","forest",10,0,0
"Protomerulius","BEL","forest",10,0,0
"Psathyrella","BEL","forest",10,0,0
"Pseudoanungitea","BEL","forest",10,3,2.21398904137405e-05
"Pseudoarthrographis","BEL","forest",10,0,0
"Pseudocercospora","BEL","forest",10,3,1.92929625964273e-05
"Pseudocladosporium","BEL","forest",10,0,0
"Pseudoconlarium","BEL","forest",10,1,5.61102993821134e-06
"Pseudodactylaria","BEL","forest",10,1,9.6509714937235e-06
"Pseudogymnoascus","BEL","forest",10,0,0
"Pseudohelotium","BEL","forest",10,2,0.00264040253397531
"Pseudopenidiella","BEL","forest",10,0,0
"Pseudophialocephala","BEL","forest",10,0,0
"Pseudophialophora","BEL","forest",10,0,0
"Pseudoplectania","BEL","forest",10,5,0.020571979696384
"Pseudorobillarda","BEL","forest",10,1,4.10595180525014e-06
"Pseudosigmoidea","BEL","forest",10,3,9.04248667281587e-05
"Psilocybe","BEL","forest",10,0,0
"Psoroglaena","BEL","forest",10,1,2.01997077775608e-06
"Puccinia","BEL","forest",10,0,0
"Pycnora","BEL","forest",10,0,0
"Pyrenochaetopsis","BEL","forest",10,3,5.83659760944652e-05
"Rachicladosporium","BEL","forest",10,0,0
"Ramariopsis","BEL","forest",10,0,0
"Ramicandelaber","BEL","forest",10,1,7.28390854532542e-06
"Ramichloridium","BEL","forest",10,1,1.97706089087404e-05
"Recurvomyces","BEL","forest",10,0,0
"Renatobasidium","BEL","forest",10,3,0.000225494236014157
"Rhexocercosporidium","BEL","forest",10,0,0
"Rhexodenticula","BEL","forest",10,1,2.80950758176838e-05
"Rhizoglomus","BEL","forest",10,0,0
"Rhizophagus","BEL","forest",10,0,0
"Rhodosporidiobolus","BEL","forest",10,1,1.43050682015163e-05
"Rhodotorula","BEL","forest",10,1,1.34635936014271e-06
"Rickenella","BEL","forest",10,0,0
"Saitozyma","BEL","forest",10,1,0.000141427228847505
"Sakaguchia","BEL","forest",10,0,0
"Sarcoleotia","BEL","forest",10,0,0
"Sarcopodium","BEL","forest",10,2,2.24632994610251e-05
"Sarocladium","BEL","forest",10,0,0
"Sawadaea","BEL","forest",10,0,0
"Schizothecium","BEL","forest",10,0,0
"Sclerococcum","BEL","forest",10,4,0.0153808157280456
"Scutellinia","BEL","forest",10,0,0
"Scytalidium","BEL","forest",10,0,0
"Seiridium","BEL","forest",10,0,0
"Septoriella","BEL","forest",10,0,0
"Serendipita","BEL","forest",10,8,0.026329746331258
"Setophoma","BEL","forest",10,2,3.38953135901294e-05
"Sistotrema","BEL","forest",10,3,0.000293621865119228
"Slooffia","BEL","forest",10,3,3.36972936583864e-05
"Solicoccozyma","BEL","forest",10,1,0.000337600481765012
"Sordaria","BEL","forest",10,1,6.00640472419538e-06
"Spirosphaera","BEL","forest",10,0,0
"Sporidesmiella","BEL","forest",10,1,4.74189846647004e-06
"Stachybotrys","BEL","forest",10,0,0
"Stagonospora","BEL","forest",10,0,0
"Stemphylium","BEL","forest",10,0,0
"Sympodiella","BEL","forest",10,2,2.80027092871511e-05
"Sympoventuria","BEL","forest",10,0,0
"Taeniospora","BEL","forest",10,0,0
"Talaromyces","BEL","forest",10,4,0.000537758779677685
"Tausonia","BEL","forest",10,1,1.05608569381058e-05
"Teichospora","BEL","forest",10,0,0
"Tephrocybe","BEL","forest",10,3,4.53373609041367e-05
"Teratosphaeria","BEL","forest",10,1,0.0001640665153933
"Terramyces","BEL","forest",10,2,1.25881553503207e-05
"Tetracladium","BEL","forest",10,3,1.68250019827525e-05
"Tetraploa","BEL","forest",10,2,0.000162738917287776
"Thelebolus","BEL","forest",10,0,0
"Thoreauomyces","BEL","forest",10,1,1.23289360128221e-05
"Tilletiaria","BEL","forest",10,0,0
"Tolypocladium","BEL","forest",10,2,0.000515454690474514
"Trechispora","BEL","forest",10,3,0.000143408609831591
"Tremella","BEL","forest",10,0,0
"Tricellula","BEL","forest",10,0,0
"Trichoderma","BEL","forest",10,6,0.0074077154355976
"Trichomerium","BEL","forest",10,0,0
"Triscelophorus","BEL","forest",10,0,0
"Tubaria","BEL","forest",10,0,0
"Tulasnella","BEL","forest",10,0,0
"Umbelopsis","BEL","forest",10,5,0.000350448770072369
"Usnea","BEL","forest",10,0,0
"Vanrija","BEL","forest",10,1,2.7666627386887e-05
"Vermiculariopsiella","BEL","forest",10,0,0
"Verrucaria","BEL","forest",10,0,0
"Vertexicola","BEL","forest",10,0,0
"Verticillium","BEL","forest",10,0,0
"Vishniacozyma","BEL","forest",10,1,6.47827951495023e-05
"Volutella","BEL","forest",10,4,0.000276576848897937
"Wojnowiciella","BEL","forest",10,1,8.21190361050029e-06
"Xenasmatella","BEL","forest",10,2,0.000308361730065148
"Xenochalara","BEL","forest",10,0,0
"Xylodon","BEL","forest",10,1,6.03477539320333e-05
"Xylolentia","BEL","forest",10,1,2.40805604203152e-05
"Yamadamyces","BEL","forest",10,0,0
"Absconditella","DOM","forest",5,0,0
"Acanthobasidium","DOM","forest",5,0,0
"Acaulospora","DOM","forest",5,1,0.000744479495268139
"Acephala","DOM","forest",5,0,0
"Acidomelania","DOM","forest",5,0,0
"Acremonium","DOM","forest",5,0,0
"Acrodictys","DOM","forest",5,0,0
"Acrodontium","DOM","forest",5,0,0
"Ainoa","DOM","forest",5,0,0
"Alfaria","DOM","forest",5,0,0
"Angustimassarina","DOM","forest",5,0,0
"Apenidiella","DOM","forest",5,0,0
"Aphanobasidium","DOM","forest",5,2,4.21841894149081e-05
"Aphanocladium","DOM","forest",5,0,0
"Apiotrichum","DOM","forest",5,2,0.00035029430554136
"Apodus","DOM","forest",5,0,0
"Arachnopeziza","DOM","forest",5,0,0
"Archaeorhizomyces","DOM","forest",5,3,0.0131940248425117
"Arcopilus","DOM","forest",5,0,0
"Arrhenia","DOM","forest",5,0,0
"Arthrinium","DOM","forest",5,0,0
"Arthroderma","DOM","forest",5,1,1.55149676340536e-05
"Ascocoryne","DOM","forest",5,0,0
"Aspergillus","DOM","forest",5,0,0
"Asterostroma","DOM","forest",5,0,0
"Athelia","DOM","forest",5,0,0
"Athelopsis","DOM","forest",5,5,0.0181566211530639
"Atheniella","DOM","forest",5,0,0
"Atractospora","DOM","forest",5,1,0.000390175315259897
"Aureobasidium","DOM","forest",5,0,0
"Auricularia","DOM","forest",5,0,0
"Bandoniozyma","DOM","forest",5,0,0
"Bannoa","DOM","forest",5,0,0
"Basidiobolus","DOM","forest",5,0,0
"Basidiodendron","DOM","forest",5,2,0.00042262298506166
"Beauveria","DOM","forest",5,1,5.10101349083831e-06
"Bimuria","DOM","forest",5,1,1.09633402767822e-05
"Bjerkandera","DOM","forest",5,1,4.46966949745735e-05
"Blastenia","DOM","forest",5,1,3.51509293026934e-05
"Botryobasidium","DOM","forest",5,0,0
"Botrytis","DOM","forest",5,1,4.38533611071287e-05
"Brocchiosphaera","DOM","forest",5,0,0
"Brunneochlamydosporium","DOM","forest",5,1,6.8955411706905e-05
"Bryochiton","DOM","forest",5,0,0
"Cadophora","DOM","forest",5,0,0
"Calophoma","DOM","forest",5,1,5.63796227934761e-06
"Calycina","DOM","forest",5,1,0.000247096823161321
"Calyptrozyma","DOM","forest",5,2,0.0074590112248217
"Camarophyllopsis","DOM","forest",5,2,0.00307576243001928
"Camposporium","DOM","forest",5,0,0
"Camptophora","DOM","forest",5,1,5.90333707211348e-06
"Candida","DOM","forest",5,0,0
"Capnobotryella","DOM","forest",5,3,0.015576419190072
"Capronia","DOM","forest",5,0,0
"Carcinomyces","DOM","forest",5,0,0
"Carlosrosaea","DOM","forest",5,0,0
"Catenulostroma","DOM","forest",5,0,0
"Cephalotheca","DOM","forest",5,1,0.0038211960534264
"Ceratobasidium","DOM","forest",5,3,9.91377820699509e-05
"Ceriporia","DOM","forest",5,0,0
"Chaetocapnodium","DOM","forest",5,0,0
"Chaetosphaeria","DOM","forest",5,0,0
"Chalara","DOM","forest",5,1,7.92987234629408e-05
"Chloridium","DOM","forest",5,3,7.06273300995357e-05
"Chromocyphella","DOM","forest",5,0,0
"Cladia","DOM","forest",5,0,0
"Cladophialophora","DOM","forest",5,5,0.00538747304590458
"Cladosporium","DOM","forest",5,1,0.000177943446030849
"Clathrosphaerina","DOM","forest",5,0,0
"Clathrus","DOM","forest",5,0,0
"Clavaria","DOM","forest",5,2,0.00288669608192799
"Clavulinopsis","DOM","forest",5,2,0.000740955403366943
"Clitopilus","DOM","forest",5,0,0
"Clohesyomyces","DOM","forest",5,0,0
"Clonostachys","DOM","forest",5,0,0
"Clypeosphaeria","DOM","forest",5,0,0
"Codinaea","DOM","forest",5,1,0.000291752713212356
"Colacogloea","DOM","forest",5,0,0
"Coleophoma","DOM","forest",5,0,0
"Collarina","DOM","forest",5,1,1.87932075978254e-06
"Colletotrichum","DOM","forest",5,1,4.21666933722391e-06
"Collybiopsis","DOM","forest",5,0,0
"Colpoma","DOM","forest",5,0,0
"Coniella","DOM","forest",5,0,0
"Coniochaeta","DOM","forest",5,2,0.000304979169060018
"Conlarium","DOM","forest",5,2,0.000989736501541843
"Coprinellus","DOM","forest",5,1,0.010411168534801
"Coprinopsis","DOM","forest",5,0,0
"Cora","DOM","forest",5,0,0
"Cordyceps","DOM","forest",5,0,0
"Cortinarius","DOM","forest",5,0,0
"Cotylidia","DOM","forest",5,1,0.000171117036093756
"Crocicreas","DOM","forest",5,1,0.000210833466861196
"Cryptocoryneum","DOM","forest",5,0,0
"Cryptodiscus","DOM","forest",5,0,0
"Cudoniella","DOM","forest",5,0,0
"Curvibasidium","DOM","forest",5,0,0
"Cutaneotrichosporon","DOM","forest",5,1,1.28867709242231e-05
"Cyathicula","DOM","forest",5,0,0
"Cylindrocladiella","DOM","forest",5,0,0
"Cylindrodendrum","DOM","forest",5,0,0
"Cylindrosympodioides","DOM","forest",5,0,0
"Cyphellophora","DOM","forest",5,5,0.00245293051095454
"Cyphellostereum","DOM","forest",5,0,0
"Cystoderma","DOM","forest",5,0,0
"Cystofilobasidium","DOM","forest",5,0,0
"Cystolepiota","DOM","forest",5,2,0.000292396527960803
"Dactylonectria","DOM","forest",5,3,0.00278917248084148
"Dendrochytridium","DOM","forest",5,0,0
"Derxomyces","DOM","forest",5,0,0
"Devriesia","DOM","forest",5,0,0
"Diaporthe","DOM","forest",5,1,0.00149354427924471
"Dictyochaeta","DOM","forest",5,0,0
"Dictyolus","DOM","forest",5,0,0
"Dictyosporium","DOM","forest",5,0,0
"Dinemasporium","DOM","forest",5,0,0
"Dioszegia","DOM","forest",5,0,0
"Dissoderma","DOM","forest",5,0,0
"Dissophora","DOM","forest",5,2,8.10843739096139e-05
"Dominikia","DOM","forest",5,0,0
"Dothiorella","DOM","forest",5,0,0
"Durella","DOM","forest",5,0,0
"Endoradiciella","DOM","forest",5,3,0.0133031059559577
"Entoloma","DOM","forest",5,3,0.00066310072988593
"Eocronartium","DOM","forest",5,0,0
"Epicoccum","DOM","forest",5,0,0
"Exophiala","DOM","forest",5,3,0.000122044157288035
"Farysia","DOM","forest",5,0,0
"Fellhanera","DOM","forest",5,0,0
"Fellozyma","DOM","forest",5,0,0
"Filobasidium","DOM","forest",5,1,1.19383978670062e-05
"Flagelloscypha","DOM","forest",5,0,0
"Flavocillium","DOM","forest",5,0,0
"Flexuomyces","DOM","forest",5,0,0
"Fulvoflamma","DOM","forest",5,0,0
"Funiliomyces","DOM","forest",5,2,8.33053376234851e-05
"Fusarium","DOM","forest",5,2,1.90933934737833e-05
"Fusidium","DOM","forest",5,0,0
"Galerina","DOM","forest",5,0,0
"Genolevuria","DOM","forest",5,0,0
"Geoglossum","DOM","forest",5,1,0.00113645211087992
"Glomerobolus","DOM","forest",5,0,0
"Glomus","DOM","forest",5,1,6.74667093955826e-06
"Glutinoglossum","DOM","forest",5,1,0.000110725427303484
"Gorgomyces","DOM","forest",5,0,0
"Gremmenia","DOM","forest",5,0,0
"Gryganskiella","DOM","forest",5,0,0
"Gymnopilus","DOM","forest",5,0,0
"Gymnopus","DOM","forest",5,0,0
"Gyoerffyella","DOM","forest",5,1,0.0003820287317442
"Gyromitra","DOM","forest",5,0,0
"Hannaella","DOM","forest",5,0,0
"Hansfordia","DOM","forest",5,0,0
"Haptocillium","DOM","forest",5,2,6.14117295847458e-05
"Harknessia","DOM","forest",5,0,0
"Helicoon","DOM","forest",5,0,0
"Helicosporium","DOM","forest",5,0,0
"Hemibeltrania","DOM","forest",5,0,0
"Henningsia","DOM","forest",5,0,0
"Hyalorbilia","DOM","forest",5,0,0
"Hyaloscypha","DOM","forest",5,1,0.000770689906747848
"Hygrocybe","DOM","forest",5,1,0.00105080877911269
"Hyphodontia","DOM","forest",5,1,0.00117027988455601
"Hypochnicium","DOM","forest",5,0,0
"Ilyonectria","DOM","forest",5,3,0.0016400437262517
"Infundichalara","DOM","forest",5,1,1.89627382193989e-05
"Jalapriya","DOM","forest",5,0,0
"Juncaceicola","DOM","forest",5,1,0.000279889105548702
"Knufia","DOM","forest",5,3,7.36096762861355e-05
"Kockovaella","DOM","forest",5,0,0
"Krasilnikovozyma","DOM","forest",5,0,0
"Kurtzmanomyces","DOM","forest",5,0,0
"Laburnicola","DOM","forest",5,0,0
"Lachnellula","DOM","forest",5,0,0
"Lachnum","DOM","forest",5,1,0.00032055842674005
"Lapidomyces","DOM","forest",5,0,0
"Lecanicillium","DOM","forest",5,1,1.98973297783437e-05
"Lecophagus","DOM","forest",5,0,0
"Leohumicola","DOM","forest",5,3,0.0368464063206094
"Leptobacillium","DOM","forest",5,2,0.000175464124274777
"Leptodontidium","DOM","forest",5,0,0
"Leucosporidium","DOM","forest",5,0,0
"Liangia","DOM","forest",5,1,1.3791082341381e-05
"Libkindia","DOM","forest",5,0,0
"Linnemannia","DOM","forest",5,0,0
"Lithohypha","DOM","forest",5,0,0
"Luellia","DOM","forest",5,1,0.000173726776693625
"Lunasporangiospora","DOM","forest",5,0,0
"Maasoglossum","DOM","forest",5,0,0
"Malassezia","DOM","forest",5,0,0
"Marasmiellus","DOM","forest",5,0,0
"Marchantiana","DOM","forest",5,0,0
"Mariannaea","DOM","forest",5,0,0
"Martininia","DOM","forest",5,0,0
"Megalaria","DOM","forest",5,1,4.04800256373496e-05
"Melanconiella","DOM","forest",5,0,0
"Metapochonia","DOM","forest",5,2,0.000292293509440765
"Metarhizium","DOM","forest",5,2,0.000368993307391049
"Micarea","DOM","forest",5,0,0
"Microcera","DOM","forest",5,0,0
"Microdochium","DOM","forest",5,0,0
"Microscypha","DOM","forest",5,1,3.44777058534525e-05
"Mollisia","DOM","forest",5,0,0
"Morchella","DOM","forest",5,0,0
"Mortierella","DOM","forest",5,2,2.65527430264019e-05
"Mucor","DOM","forest",5,1,4.02711591381972e-06
"Mycena","DOM","forest",5,1,6.89774098982583e-05
"Myrmecridium","DOM","forest",5,0,0
"Naganishia","DOM","forest",5,0,0
"Nagrajchalara","DOM","forest",5,0,0
"Nakataea","DOM","forest",5,0,0
"Nectriopsis","DOM","forest",5,2,0.000228281595843045
"Neoascochyta","DOM","forest",5,0,0
"Neochalara","DOM","forest",5,0,0
"Neocoleroa","DOM","forest",5,0,0
"Neofabraea","DOM","forest",5,0,0
"Neokalmusia","DOM","forest",5,0,0
"Neonectria","DOM","forest",5,1,5.34404440728514e-05
"Neophaeomoniella","DOM","forest",5,0,0
"Neophaeosphaeria","DOM","forest",5,1,1.75754646513467e-05
"Neopyrenochaeta","DOM","forest",5,1,2.81207434421548e-05
"Neosorocybe","DOM","forest",5,0,0
"Neovaginatispora","DOM","forest",5,0,0
"Neptunomyces","DOM","forest",5,0,0
"Nigrograna","DOM","forest",5,1,0.00189059668434123
"Nigrospora","DOM","forest",5,0,0
"Normandina","DOM","forest",5,0,0
"Obeliospora","DOM","forest",5,0,0
"Occultifur","DOM","forest",5,0,0
"Occultitheca","DOM","forest",5,0,0
"Oidiodendron","DOM","forest",5,3,0.0105878262217365
"Oliveonia","DOM","forest",5,0,0
"Ophiocordyceps","DOM","forest",5,0,0
"Orbilia","DOM","forest",5,0,0
"Ovicillium","DOM","forest",5,0,0
"Papiliotrema","DOM","forest",5,0,0
"Paraphaeosphaeria","DOM","forest",5,2,9.34994268338171e-05
"Pectenia","DOM","forest",5,2,0.00276658157103806
"Pellidiscus","DOM","forest",5,0,0
"Penicillium","DOM","forest",5,4,0.000429318013368725
"Peniophorella","DOM","forest",5,0,0
"Periconia","DOM","forest",5,1,8.78773232567336e-06
"Pestalotiopsis","DOM","forest",5,1,1.60233434814509e-05
"Pezicula","DOM","forest",5,0,0
"Pezizellaster","DOM","forest",5,0,0
"Pezoloma","DOM","forest",5,1,0.000143082479291828
"Phaeosphaeria","DOM","forest",5,2,0.000499840270359483
"Phaeotremella","DOM","forest",5,0,0
"Phialocephala","DOM","forest",5,0,0
"Pholiota","DOM","forest",5,0,0
"Phylloscypha","DOM","forest",5,0,0
"Pilidium","DOM","forest",5,0,0
"Piptocephalis","DOM","forest",5,0,0
"Piskurozyma","DOM","forest",5,0,0
"Placynthiella","DOM","forest",5,0,0
"Plectosphaerella","DOM","forest",5,2,0.000800391478741393
"Pleuroascus","DOM","forest",5,0,0
"Pochonia","DOM","forest",5,1,5.09688474889055e-05
"Podila","DOM","forest",5,2,0.000709959281798147
"Podospora","DOM","forest",5,0,0
"Polydesmia","DOM","forest",5,0,0
"Polylobatispora","DOM","forest",5,0,0
"Polyscytalum","DOM","forest",5,0,0
"Porpidia","DOM","forest",5,0,0
"Preussia","DOM","forest",5,0,0
"Protomerulius","DOM","forest",5,0,0
"Psathyrella","DOM","forest",5,0,0
"Pseudoanungitea","DOM","forest",5,0,0
"Pseudoarthrographis","DOM","forest",5,0,0
"Pseudocercospora","DOM","forest",5,2,0.000324981559933904
"Pseudocladosporium","DOM","forest",5,0,0
"Pseudoconlarium","DOM","forest",5,0,0
"Pseudodactylaria","DOM","forest",5,0,0
"Pseudogymnoascus","DOM","forest",5,0,0
"Pseudohelotium","DOM","forest",5,0,0
"Pseudopenidiella","DOM","forest",5,0,0
"Pseudophialocephala","DOM","forest",5,0,0
"Pseudophialophora","DOM","forest",5,0,0
"Pseudoplectania","DOM","forest",5,1,7.67433819374752e-05
"Pseudorobillarda","DOM","forest",5,0,0
"Pseudosigmoidea","DOM","forest",5,0,0
"Psilocybe","DOM","forest",5,1,1.09633402767822e-05
"Psoroglaena","DOM","forest",5,0,0
"Puccinia","DOM","forest",5,0,0
"Pycnora","DOM","forest",5,0,0
"Pyrenochaetopsis","DOM","forest",5,0,0
"Rachicladosporium","DOM","forest",5,0,0
"Ramariopsis","DOM","forest",5,3,0.00156632343699551
"Ramicandelaber","DOM","forest",5,2,2.56147086546096e-05
"Ramichloridium","DOM","forest",5,0,0
"Recurvomyces","DOM","forest",5,0,0
"Renatobasidium","DOM","forest",5,0,0
"Rhexocercosporidium","DOM","forest",5,0,0
"Rhexodenticula","DOM","forest",5,0,0
"Rhizoglomus","DOM","forest",5,0,0
"Rhizophagus","DOM","forest",5,1,8.77911269212699e-05
"Rhodosporidiobolus","DOM","forest",5,0,0
"Rhodotorula","DOM","forest",5,0,0
"Rickenella","DOM","forest",5,0,0
"Saitozyma","DOM","forest",5,0,0
"Sakaguchia","DOM","forest",5,0,0
"Sarcoleotia","DOM","forest",5,0,0
"Sarcopodium","DOM","forest",5,2,0.000156323729705284
"Sarocladium","DOM","forest",5,0,0
"Sawadaea","DOM","forest",5,0,0
"Schizothecium","DOM","forest",5,0,0
"Sclerococcum","DOM","forest",5,1,0.00192978601871787
"Scutellinia","DOM","forest",5,0,0
"Scytalidium","DOM","forest",5,0,0
"Seiridium","DOM","forest",5,0,0
"Septoriella","DOM","forest",5,0,0
"Serendipita","DOM","forest",5,5,0.105932377355301
"Setophoma","DOM","forest",5,1,3.58151936010187e-05
"Sistotrema","DOM","forest",5,3,0.000327659388009168
"Slooffia","DOM","forest",5,0,0
"Solicoccozyma","DOM","forest",5,0,0
"Sordaria","DOM","forest",5,0,0
"Spirosphaera","DOM","forest",5,3,0.000743345406010731
"Sporidesmiella","DOM","forest",5,0,0
"Stachybotrys","DOM","forest",5,0,0
"Stagonospora","DOM","forest",5,0,0
"Stemphylium","DOM","forest",5,0,0
"Sympodiella","DOM","forest",5,0,0
"Sympoventuria","DOM","forest",5,0,0
"Taeniospora","DOM","forest",5,0,0
"Talaromyces","DOM","forest",5,0,0
"Tausonia","DOM","forest",5,1,3.54200224326809e-05
"Teichospora","DOM","forest",5,0,0
"Tephrocybe","DOM","forest",5,0,0
"Teratosphaeria","DOM","forest",5,5,0.0229987687389982
"Terramyces","DOM","forest",5,0,0
"Tetracladium","DOM","forest",5,2,0.000538373536993072
"Tetraploa","DOM","forest",5,1,2.44566821558987e-05
"Thelebolus","DOM","forest",5,0,0
"Thoreauomyces","DOM","forest",5,0,0
"Tilletiaria","DOM","forest",5,0,0
"Tolypocladium","DOM","forest",5,5,0.00153783646004589
"Trechispora","DOM","forest",5,4,0.0013068314452484
"Tremella","DOM","forest",5,0,0
"Tricellula","DOM","forest",5,0,0
"Trichoderma","DOM","forest",5,2,0.000265444742949868
"Trichomerium","DOM","forest",5,0,0
"Triscelophorus","DOM","forest",5,1,0.000115998066698888
"Tubaria","DOM","forest",5,0,0
"Tulasnella","DOM","forest",5,0,0
"Umbelopsis","DOM","forest",5,0,0
"Usnea","DOM","forest",5,0,0
"Vanrija","DOM","forest",5,0,0
"Vermiculariopsiella","DOM","forest",5,0,0
"Verrucaria","DOM","forest",5,1,5.62414868843095e-05
"Vertexicola","DOM","forest",5,0,0
"Verticillium","DOM","forest",5,1,0.000241343940974168
"Vishniacozyma","DOM","forest",5,1,3.879335790246e-05
"Volutella","DOM","forest",5,0,0
"Wojnowiciella","DOM","forest",5,0,0
"Xenasmatella","DOM","forest",5,0,0
"Xenochalara","DOM","forest",5,2,0.0142419758426682
"Xylodon","DOM","forest",5,1,0.00533591106814886
"Xylolentia","DOM","forest",5,0,0
"Yamadamyces","DOM","forest",5,0,0
"Absconditella","NV","forest",10,0,0
"Acanthobasidium","NV","forest",10,0,0
"Acaulospora","NV","forest",10,1,1.05766049998087e-05
"Acephala","NV","forest",10,0,0
"Acidomelania","NV","forest",10,1,9.23206042803189e-05
"Acremonium","NV","forest",10,0,0
"Acrodictys","NV","forest",10,0,0
"Acrodontium","NV","forest",10,0,0
"Ainoa","NV","forest",10,0,0
"Alfaria","NV","forest",10,0,0
"Angustimassarina","NV","forest",10,0,0
"Apenidiella","NV","forest",10,1,4.47729786119481e-06
"Aphanobasidium","NV","forest",10,1,0.00343840407290746
"Aphanocladium","NV","forest",10,0,0
"Apiotrichum","NV","forest",10,0,0
"Apodus","NV","forest",10,0,0
"Arachnopeziza","NV","forest",10,3,0.000441189412822784
"Archaeorhizomyces","NV","forest",10,1,0.00192820847645272
"Arcopilus","NV","forest",10,3,5.76887132162098e-05
"Arrhenia","NV","forest",10,1,3.13238347533472e-06
"Arthrinium","NV","forest",10,0,0
"Arthroderma","NV","forest",10,0,0
"Ascocoryne","NV","forest",10,0,0
"Aspergillus","NV","forest",10,0,0
"Asterostroma","NV","forest",10,0,0
"Athelia","NV","forest",10,0,0
"Athelopsis","NV","forest",10,4,0.0142512539830905
"Atheniella","NV","forest",10,0,0
"Atractospora","NV","forest",10,1,6.26476695066943e-06
"Aureobasidium","NV","forest",10,2,1.82984451781221e-05
"Auricularia","NV","forest",10,1,0.00106187799813847
"Bandoniozyma","NV","forest",10,0,0
"Bannoa","NV","forest",10,1,1.05750564632479e-05
"Basidiobolus","NV","forest",10,0,0
"Basidiodendron","NV","forest",10,2,0.00188909059308144
"Beauveria","NV","forest",10,0,0
"Bimuria","NV","forest",10,0,0
"Bjerkandera","NV","forest",10,0,0
"Blastenia","NV","forest",10,0,0
"Botryobasidium","NV","forest",10,0,0
"Botrytis","NV","forest",10,1,6.32983635816497e-05
"Brocchiosphaera","NV","forest",10,0,0
"Brunneochlamydosporium","NV","forest",10,1,7.10256098055928e-06
"Bryochiton","NV","forest",10,0,0
"Cadophora","NV","forest",10,1,7.26118481789986e-06
"Calophoma","NV","forest",10,0,0
"Calycina","NV","forest",10,0,0
"Calyptrozyma","NV","forest",10,3,0.00668687071889963
"Camarophyllopsis","NV","forest",10,0,0
"Camposporium","NV","forest",10,2,0.0305826281769463
"Camptophora","NV","forest",10,0,0
"Candida","NV","forest",10,0,0
"Capnobotryella","NV","forest",10,4,0.00350788978305717
"Capronia","NV","forest",10,1,2.16876785697447e-05
"Carcinomyces","NV","forest",10,1,4.9223168898117e-06
"Carlosrosaea","NV","forest",10,1,2.82882763953192e-06
"Catenulostroma","NV","forest",10,0,0
"Cephalotheca","NV","forest",10,5,0.00234711702458176
"Ceratobasidium","NV","forest",10,1,5.62585372330251e-06
"Ceriporia","NV","forest",10,0,0
"Chaetocapnodium","NV","forest",10,0,0
"Chaetosphaeria","NV","forest",10,0,0
"Chalara","NV","forest",10,1,4.20813858503028e-05
"Chloridium","NV","forest",10,4,0.000135994354580491
"Chromocyphella","NV","forest",10,0,0
"Cladia","NV","forest",10,0,0
"Cladophialophora","NV","forest",10,8,0.00879254390238754
"Cladosporium","NV","forest",10,5,0.00186045477776272
"Clathrosphaerina","NV","forest",10,1,0.000309134144635613
"Clathrus","NV","forest",10,0,0
"Clavaria","NV","forest",10,3,0.000735762319175617
"Clavulinopsis","NV","forest",10,0,0
"Clitopilus","NV","forest",10,2,0.00014569381621343
"Clohesyomyces","NV","forest",10,0,0
"Clonostachys","NV","forest",10,0,0
"Clypeosphaeria","NV","forest",10,1,1.83873796569575e-05
"Codinaea","NV","forest",10,0,0
"Colacogloea","NV","forest",10,0,0
"Coleophoma","NV","forest",10,0,0
"Collarina","NV","forest",10,0,0
"Colletotrichum","NV","forest",10,0,0
"Collybiopsis","NV","forest",10,0,0
"Colpoma","NV","forest",10,0,0
"Coniella","NV","forest",10,2,2.28935927945861e-05
"Coniochaeta","NV","forest",10,2,0.00088904415387657
"Conlarium","NV","forest",10,2,0.00194021304564159
"Coprinellus","NV","forest",10,0,0
"Coprinopsis","NV","forest",10,0,0
"Cora","NV","forest",10,0,0
"Cordyceps","NV","forest",10,0,0
"Cortinarius","NV","forest",10,0,0
"Cotylidia","NV","forest",10,0,0
"Crocicreas","NV","forest",10,3,0.000101207295259828
"Cryptocoryneum","NV","forest",10,2,8.07279497486111e-06
"Cryptodiscus","NV","forest",10,1,5.43860046681321e-05
"Cudoniella","NV","forest",10,1,0.000304937753531963
"Curvibasidium","NV","forest",10,0,0
"Cutaneotrichosporon","NV","forest",10,0,0
"Cyathicula","NV","forest",10,0,0
"Cylindrocladiella","NV","forest",10,0,0
"Cylindrodendrum","NV","forest",10,3,0.000102311640896853
"Cylindrosympodioides","NV","forest",10,0,0
"Cyphellophora","NV","forest",10,2,0.000127890331841059
"Cyphellostereum","NV","forest",10,1,0.00642187718562037
"Cystoderma","NV","forest",10,1,1.2088704225226e-05
"Cystofilobasidium","NV","forest",10,4,2.40131876494391e-05
"Cystolepiota","NV","forest",10,0,0
"Dactylonectria","NV","forest",10,0,0
"Dendrochytridium","NV","forest",10,0,0
"Derxomyces","NV","forest",10,0,0
"Devriesia","NV","forest",10,0,0
"Diaporthe","NV","forest",10,4,0.00220888582326612
"Dictyochaeta","NV","forest",10,0,0
"Dictyolus","NV","forest",10,0,0
"Dictyosporium","NV","forest",10,1,6.26821700567274e-06
"Dinemasporium","NV","forest",10,0,0
"Dioszegia","NV","forest",10,1,9.79157924185201e-06
"Dissoderma","NV","forest",10,0,0
"Dissophora","NV","forest",10,6,0.00219359644945202
"Dominikia","NV","forest",10,0,0
"Dothiorella","NV","forest",10,1,6.57164223073262e-05
"Durella","NV","forest",10,0,0
"Endoradiciella","NV","forest",10,0,0
"Entoloma","NV","forest",10,1,0.000205460262117486
"Eocronartium","NV","forest",10,1,6.09842543605992e-05
"Epicoccum","NV","forest",10,2,0.000176429591264835
"Exophiala","NV","forest",10,3,8.93127172243606e-05
"Farysia","NV","forest",10,1,4.25809748204502e-06
"Fellhanera","NV","forest",10,1,5.18839045751227e-06
"Fellozyma","NV","forest",10,0,0
"Filobasidium","NV","forest",10,0,0
"Flagelloscypha","NV","forest",10,1,0.000498323251950983
"Flavocillium","NV","forest",10,0,0
"Flexuomyces","NV","forest",10,0,0
"Fulvoflamma","NV","forest",10,1,6.22342080697023e-05
"Funiliomyces","NV","forest",10,4,0.000481566716360362
"Fusarium","NV","forest",10,7,0.000158832599983038
"Fusidium","NV","forest",10,1,5.73094126232936e-05
"Galerina","NV","forest",10,0,0
"Genolevuria","NV","forest",10,0,0
"Geoglossum","NV","forest",10,0,0
"Glomerobolus","NV","forest",10,0,0
"Glomus","NV","forest",10,0,0
"Glutinoglossum","NV","forest",10,0,0
"Gorgomyces","NV","forest",10,0,0
"Gremmenia","NV","forest",10,4,0.00283481940824674
"Gryganskiella","NV","forest",10,1,0.000162249621380044
"Gymnopilus","NV","forest",10,0,0
"Gymnopus","NV","forest",10,2,9.30701414785067e-05
"Gyoerffyella","NV","forest",10,6,0.0174841065693796
"Gyromitra","NV","forest",10,0,0
"Hannaella","NV","forest",10,0,0
"Hansfordia","NV","forest",10,0,0
"Haptocillium","NV","forest",10,1,1.2447745402114e-05
"Harknessia","NV","forest",10,0,0
"Helicoon","NV","forest",10,1,8.48648291859577e-06
"Helicosporium","NV","forest",10,1,3.62573364454214e-05
"Hemibeltrania","NV","forest",10,2,0.000147442725130578
"Henningsia","NV","forest",10,0,0
"Hyalorbilia","NV","forest",10,0,0
"Hyaloscypha","NV","forest",10,4,0.00110371191282979
"Hygrocybe","NV","forest",10,1,0.000107023979028958
"Hyphodontia","NV","forest",10,0,0
"Hypochnicium","NV","forest",10,0,0
"Ilyonectria","NV","forest",10,7,0.00493973726233905
"Infundichalara","NV","forest",10,0,0
"Jalapriya","NV","forest",10,1,7.42612691475931e-06
"Juncaceicola","NV","forest",10,0,0
"Knufia","NV","forest",10,2,0.000957493947055383
"Kockovaella","NV","forest",10,1,1.8002731914568e-06
"Krasilnikovozyma","NV","forest",10,0,0
"Kurtzmanomyces","NV","forest",10,1,2.63809407849345e-05
"Laburnicola","NV","forest",10,1,0.000360889634913974
"Lachnellula","NV","forest",10,3,0.000192478692037771
"Lachnum","NV","forest",10,1,1.69729658371915e-05
"Lapidomyces","NV","forest",10,1,9.79157924185201e-06
"Lecanicillium","NV","forest",10,3,0.000229792067233672
"Lecophagus","NV","forest",10,0,0
"Leohumicola","NV","forest",10,3,0.00173004331079382
"Leptobacillium","NV","forest",10,3,0.00170366180730345
"Leptodontidium","NV","forest",10,0,0
"Leucosporidium","NV","forest",10,4,6.29886939019708e-05
"Liangia","NV","forest",10,1,3.21680208365761e-05
"Libkindia","NV","forest",10,0,0
"Linnemannia","NV","forest",10,7,0.0022843413669863
"Lithohypha","NV","forest",10,0,0
"Luellia","NV","forest",10,0,0
"Lunasporangiospora","NV","forest",10,0,0
"Maasoglossum","NV","forest",10,1,0.000128672083346304
"Malassezia","NV","forest",10,0,0
"Marasmiellus","NV","forest",10,1,2.86547063116468e-05
"Marchantiana","NV","forest",10,0,0
"Mariannaea","NV","forest",10,0,0
"Martininia","NV","forest",10,0,0
"Megalaria","NV","forest",10,0,0
"Melanconiella","NV","forest",10,0,0
"Metapochonia","NV","forest",10,2,0.000246530258149544
"Metarhizium","NV","forest",10,0,0
"Micarea","NV","forest",10,1,6.12230073986448e-05
"Microcera","NV","forest",10,0,0
"Microdochium","NV","forest",10,6,0.000429461828048903
"Microscypha","NV","forest",10,0,0
"Mollisia","NV","forest",10,0,0
"Morchella","NV","forest",10,0,0
"Mortierella","NV","forest",10,4,0.00725542067112338
"Mucor","NV","forest",10,3,0.000200468551545601
"Mycena","NV","forest",10,5,0.00237394880013532
"Myrmecridium","NV","forest",10,1,0.00256280529574791
"Naganishia","NV","forest",10,1,6.48850862747906e-05
"Nagrajchalara","NV","forest",10,0,0
"Nakataea","NV","forest",10,0,0
"Nectriopsis","NV","forest",10,0,0
"Neoascochyta","NV","forest",10,2,3.05817375054523e-05
"Neochalara","NV","forest",10,0,0
"Neocoleroa","NV","forest",10,0,0
"Neofabraea","NV","forest",10,1,0.000289550986151909
"Neokalmusia","NV","forest",10,0,0
"Neonectria","NV","forest",10,2,0.000210113200427395
"Neophaeomoniella","NV","forest",10,0,0
"Neophaeosphaeria","NV","forest",10,0,0
"Neopyrenochaeta","NV","forest",10,1,1.92783798043752e-05
"Neosorocybe","NV","forest",10,1,1.9583158483704e-05
"Neovaginatispora","NV","forest",10,0,0
"Neptunomyces","NV","forest",10,0,0
"Nigrograna","NV","forest",10,2,1.71498214343931e-05
"Nigrospora","NV","forest",10,0,0
"Normandina","NV","forest",10,1,2.80173084705663e-05
"Obeliospora","NV","forest",10,0,0
"Occultifur","NV","forest",10,0,0
"Occultitheca","NV","forest",10,0,0
"Oidiodendron","NV","forest",10,5,0.00944312475539682
"Oliveonia","NV","forest",10,5,0.00448658838183277
"Ophiocordyceps","NV","forest",10,0,0
"Orbilia","NV","forest",10,2,0.000120894942850161
"Ovicillium","NV","forest",10,1,4.53216705567767e-06
"Papiliotrema","NV","forest",10,0,0
"Paraphaeosphaeria","NV","forest",10,2,0.00104838581943965
"Pectenia","NV","forest",10,0,0
"Pellidiscus","NV","forest",10,1,8.1172125492106e-06
"Penicillium","NV","forest",10,7,0.00158425269363743
"Peniophorella","NV","forest",10,0,0
"Periconia","NV","forest",10,3,0.000117070635172667
"Pestalotiopsis","NV","forest",10,5,0.000235688808472592
"Pezicula","NV","forest",10,2,0.00364240464436344
"Pezizellaster","NV","forest",10,1,2.43516376476318e-05
"Pezoloma","NV","forest",10,4,0.0655737334538558
"Phaeosphaeria","NV","forest",10,2,0.000223006020689462
"Phaeotremella","NV","forest",10,2,4.06959610011752e-05
"Phialocephala","NV","forest",10,0,0
"Pholiota","NV","forest",10,0,0
"Phylloscypha","NV","forest",10,0,0
"Pilidium","NV","forest",10,1,0.000144270209616128
"Piptocephalis","NV","forest",10,0,0
"Piskurozyma","NV","forest",10,2,7.62531162124186e-06
"Placynthiella","NV","forest",10,0,0
"Plectosphaerella","NV","forest",10,2,2.57704345940688e-05
"Pleuroascus","NV","forest",10,0,0
"Pochonia","NV","forest",10,3,9.69995997471237e-05
"Podila","NV","forest",10,4,0.00246154175747677
"Podospora","NV","forest",10,1,5.28752823162395e-06
"Polydesmia","NV","forest",10,0,0
"Polylobatispora","NV","forest",10,2,0.000442829345396105
"Polyscytalum","NV","forest",10,1,4.02735018257321e-06
"Porpidia","NV","forest",10,0,0
"Preussia","NV","forest",10,0,0
"Protomerulius","NV","forest",10,0,0
"Psathyrella","NV","forest",10,2,0.000448983117065315
"Pseudoanungitea","NV","forest",10,0,0
"Pseudoarthrographis","NV","forest",10,3,7.40099944697173e-05
"Pseudocercospora","NV","forest",10,1,9.90089673836173e-06
"Pseudocladosporium","NV","forest",10,0,0
"Pseudoconlarium","NV","forest",10,0,0
"Pseudodactylaria","NV","forest",10,0,0
"Pseudogymnoascus","NV","forest",10,1,0.000134839753598092
"Pseudohelotium","NV","forest",10,1,1.3502048935926e-06
"Pseudopenidiella","NV","forest",10,0,0
"Pseudophialocephala","NV","forest",10,1,5.60346169411325e-05
"Pseudophialophora","NV","forest",10,0,0
"Pseudoplectania","NV","forest",10,0,0
"Pseudorobillarda","NV","forest",10,0,0
"Pseudosigmoidea","NV","forest",10,1,3.80570318201559e-05
"Psilocybe","NV","forest",10,0,0
"Psoroglaena","NV","forest",10,0,0
"Puccinia","NV","forest",10,0,0
"Pycnora","NV","forest",10,5,4.88569325233477e-05
"Pyrenochaetopsis","NV","forest",10,3,0.000281327747007715
"Rachicladosporium","NV","forest",10,1,3.49699258637572e-05
"Ramariopsis","NV","forest",10,0,0
"Ramicandelaber","NV","forest",10,0,0
"Ramichloridium","NV","forest",10,0,0
"Recurvomyces","NV","forest",10,1,0.000180444817456987
"Renatobasidium","NV","forest",10,0,0
"Rhexocercosporidium","NV","forest",10,0,0
"Rhexodenticula","NV","forest",10,3,2.11427151169759e-05
"Rhizoglomus","NV","forest",10,0,0
"Rhizophagus","NV","forest",10,0,0
"Rhodosporidiobolus","NV","forest",10,0,0
"Rhodotorula","NV","forest",10,1,4.47897709592555e-05
"Rickenella","NV","forest",10,1,0.000182388508814262
"Saitozyma","NV","forest",10,0,0
"Sakaguchia","NV","forest",10,1,7.55361175946279e-06
"Sarcoleotia","NV","forest",10,1,3.248053056569e-05
"Sarcopodium","NV","forest",10,0,0
"Sarocladium","NV","forest",10,1,1.74444371104469e-05
"Sawadaea","NV","forest",10,0,0
"Schizothecium","NV","forest",10,4,0.000115208632263991
"Sclerococcum","NV","forest",10,3,0.000877608180523913
"Scutellinia","NV","forest",10,1,2.09819555182543e-05
"Scytalidium","NV","forest",10,1,2.4753756382531e-06
"Seiridium","NV","forest",10,0,0
"Septoriella","NV","forest",10,0,0
"Serendipita","NV","forest",10,9,0.138412691295985
"Setophoma","NV","forest",10,0,0
"Sistotrema","NV","forest",10,3,0.00100860309142914
"Slooffia","NV","forest",10,2,1.01435658211575e-05
"Solicoccozyma","NV","forest",10,0,0
"Sordaria","NV","forest",10,0,0
"Spirosphaera","NV","forest",10,1,0.00336130927402434
"Sporidesmiella","NV","forest",10,2,6.98113460846061e-05
"Stachybotrys","NV","forest",10,1,4.56684381841871e-05
"Stagonospora","NV","forest",10,0,0
"Stemphylium","NV","forest",10,0,0
"Sympodiella","NV","forest",10,4,0.000236736044403511
"Sympoventuria","NV","forest",10,0,0
"Taeniospora","NV","forest",10,0,0
"Talaromyces","NV","forest",10,1,1.1414459006527e-05
"Tausonia","NV","forest",10,2,0.000105017086561468
"Teichospora","NV","forest",10,0,0
"Tephrocybe","NV","forest",10,0,0
"Teratosphaeria","NV","forest",10,5,0.00600292548631448
"Terramyces","NV","forest",10,2,0.0002488339583731
"Tetracladium","NV","forest",10,2,3.79706488168337e-05
"Tetraploa","NV","forest",10,1,4.02956807507533e-06
"Thelebolus","NV","forest",10,2,0.000380361406944792
"Thoreauomyces","NV","forest",10,0,0
"Tilletiaria","NV","forest",10,2,0.000174851633451551
"Tolypocladium","NV","forest",10,2,0.000269876710134127
"Trechispora","NV","forest",10,2,0.000162225834130498
"Tremella","NV","forest",10,0,0
"Tricellula","NV","forest",10,1,2.23807525528046e-05
"Trichoderma","NV","forest",10,3,0.000145601490715885
"Trichomerium","NV","forest",10,2,4.79792232630854e-05
"Triscelophorus","NV","forest",10,0,0
"Tubaria","NV","forest",10,4,0.00510236922388555
"Tulasnella","NV","forest",10,0,0
"Umbelopsis","NV","forest",10,5,0.000460990854347435
"Usnea","NV","forest",10,1,1.13304176391942e-05
"Vanrija","NV","forest",10,0,0
"Vermiculariopsiella","NV","forest",10,1,5.36980024343094e-06
"Verrucaria","NV","forest",10,0,0
"Vertexicola","NV","forest",10,1,8.95795419185109e-06
"Verticillium","NV","forest",10,0,0
"Vishniacozyma","NV","forest",10,2,6.53638889940113e-06
"Volutella","NV","forest",10,0,0
"Wojnowiciella","NV","forest",10,1,5.82048721955326e-06
"Xenasmatella","NV","forest",10,0,0
"Xenochalara","NV","forest",10,4,0.0215181520268734
"Xylodon","NV","forest",10,0,0
"Xylolentia","NV","forest",10,0,0
"Yamadamyces","NV","forest",10,2,2.73673426388504e-05
"Absconditella","BEL","subparamo",5,0,0
"Acanthobasidium","BEL","subparamo",5,1,1.04662039732327e-05
"Acaulospora","BEL","subparamo",5,2,0.00134660264076626
"Acephala","BEL","subparamo",5,0,0
"Acidomelania","BEL","subparamo",5,1,0.00117657576332424
"Acremonium","BEL","subparamo",5,0,0
"Acrodictys","BEL","subparamo",5,0,0
"Acrodontium","BEL","subparamo",5,1,0.00102469486233324
"Ainoa","BEL","subparamo",5,0,0
"Alfaria","BEL","subparamo",5,0,0
"Angustimassarina","BEL","subparamo",5,0,0
"Apenidiella","BEL","subparamo",5,0,0
"Aphanobasidium","BEL","subparamo",5,0,0
"Aphanocladium","BEL","subparamo",5,1,0.000153504324940746
"Apiotrichum","BEL","subparamo",5,1,8.19852644569893e-05
"Apodus","BEL","subparamo",5,0,0
"Arachnopeziza","BEL","subparamo",5,1,1.99361246566003e-05
"Archaeorhizomyces","BEL","subparamo",5,0,0
"Arcopilus","BEL","subparamo",5,0,0
"Arrhenia","BEL","subparamo",5,0,0
"Arthrinium","BEL","subparamo",5,0,0
"Arthroderma","BEL","subparamo",5,0,0
"Ascocoryne","BEL","subparamo",5,0,0
"Aspergillus","BEL","subparamo",5,0,0
"Asterostroma","BEL","subparamo",5,0,0
"Athelia","BEL","subparamo",5,1,7.20748490507878e-05
"Athelopsis","BEL","subparamo",5,1,6.2446778313937e-05
"Atheniella","BEL","subparamo",5,0,0
"Atractospora","BEL","subparamo",5,0,0
"Aureobasidium","BEL","subparamo",5,1,3.44512547452242e-05
"Auricularia","BEL","subparamo",5,0,0
"Bandoniozyma","BEL","subparamo",5,0,0
"Bannoa","BEL","subparamo",5,0,0
"Basidiobolus","BEL","subparamo",5,0,0
"Basidiodendron","BEL","subparamo",5,1,4.50556417239166e-05
"Beauveria","BEL","subparamo",5,1,0.0002116915377781
"Bimuria","BEL","subparamo",5,0,0
"Bjerkandera","BEL","subparamo",5,0,0
"Blastenia","BEL","subparamo",5,0,0
"Botryobasidium","BEL","subparamo",5,0,0
"Botrytis","BEL","subparamo",5,0,0
"Brocchiosphaera","BEL","subparamo",5,0,0
"Brunneochlamydosporium","BEL","subparamo",5,0,0
"Bryochiton","BEL","subparamo",5,0,0
"Cadophora","BEL","subparamo",5,0,0
"Calophoma","BEL","subparamo",5,0,0
"Calycina","BEL","subparamo",5,0,0
"Calyptrozyma","BEL","subparamo",5,0,0
"Camarophyllopsis","BEL","subparamo",5,0,0
"Camposporium","BEL","subparamo",5,0,0
"Camptophora","BEL","subparamo",5,1,2.39850507719916e-05
"Candida","BEL","subparamo",5,0,0
"Capnobotryella","BEL","subparamo",5,0,0
"Capronia","BEL","subparamo",5,4,0.0228704214605891
"Carcinomyces","BEL","subparamo",5,0,0
"Carlosrosaea","BEL","subparamo",5,0,0
"Catenulostroma","BEL","subparamo",5,0,0
"Cephalotheca","BEL","subparamo",5,0,0
"Ceratobasidium","BEL","subparamo",5,0,0
"Ceriporia","BEL","subparamo",5,0,0
"Chaetocapnodium","BEL","subparamo",5,0,0
"Chaetosphaeria","BEL","subparamo",5,0,0
"Chalara","BEL","subparamo",5,0,0
"Chloridium","BEL","subparamo",5,4,0.0066921453338213
"Chromocyphella","BEL","subparamo",5,0,0
"Cladia","BEL","subparamo",5,1,0.00141044586680205
"Cladophialophora","BEL","subparamo",5,1,2.13051440590379e-05
"Cladosporium","BEL","subparamo",5,0,0
"Clathrosphaerina","BEL","subparamo",5,0,0
"Clathrus","BEL","subparamo",5,0,0
"Clavaria","BEL","subparamo",5,0,0
"Clavulinopsis","BEL","subparamo",5,0,0
"Clitopilus","BEL","subparamo",5,0,0
"Clohesyomyces","BEL","subparamo",5,0,0
"Clonostachys","BEL","subparamo",5,1,6.87575092769474e-05
"Clypeosphaeria","BEL","subparamo",5,0,0
"Codinaea","BEL","subparamo",5,0,0
"Colacogloea","BEL","subparamo",5,0,0
"Coleophoma","BEL","subparamo",5,0,0
"Collarina","BEL","subparamo",5,0,0
"Colletotrichum","BEL","subparamo",5,0,0
"Collybiopsis","BEL","subparamo",5,0,0
"Colpoma","BEL","subparamo",5,0,0
"Coniella","BEL","subparamo",5,0,0
"Coniochaeta","BEL","subparamo",5,1,6.45044674660022e-05
"Conlarium","BEL","subparamo",5,0,0
"Coprinellus","BEL","subparamo",5,0,0
"Coprinopsis","BEL","subparamo",5,1,1.7721007545605e-05
"Cora","BEL","subparamo",5,0,0
"Cordyceps","BEL","subparamo",5,0,0
"Cortinarius","BEL","subparamo",5,0,0
"Cotylidia","BEL","subparamo",5,0,0
"Crocicreas","BEL","subparamo",5,0,0
"Cryptocoryneum","BEL","subparamo",5,0,0
"Cryptodiscus","BEL","subparamo",5,2,0.0346427227921868
"Cudoniella","BEL","subparamo",5,0,0
"Curvibasidium","BEL","subparamo",5,0,0
"Cutaneotrichosporon","BEL","subparamo",5,0,0
"Cyathicula","BEL","subparamo",5,1,7.01751898805959e-05
"Cylindrocladiella","BEL","subparamo",5,0,0
"Cylindrodendrum","BEL","subparamo",5,0,0
"Cylindrosympodioides","BEL","subparamo",5,0,0
"Cyphellophora","BEL","subparamo",5,0,0
"Cyphellostereum","BEL","subparamo",5,0,0
"Cystoderma","BEL","subparamo",5,0,0
"Cystofilobasidium","BEL","subparamo",5,0,0
"Cystolepiota","BEL","subparamo",5,0,0
"Dactylonectria","BEL","subparamo",5,0,0
"Dendrochytridium","BEL","subparamo",5,0,0
"Derxomyces","BEL","subparamo",5,0,0
"Devriesia","BEL","subparamo",5,0,0
"Diaporthe","BEL","subparamo",5,0,0
"Dictyochaeta","BEL","subparamo",5,0,0
"Dictyolus","BEL","subparamo",5,0,0
"Dictyosporium","BEL","subparamo",5,0,0
"Dinemasporium","BEL","subparamo",5,0,0
"Dioszegia","BEL","subparamo",5,1,9.92376422553881e-06
"Dissoderma","BEL","subparamo",5,0,0
"Dissophora","BEL","subparamo",5,0,0
"Dominikia","BEL","subparamo",5,0,0
"Dothiorella","BEL","subparamo",5,0,0
"Durella","BEL","subparamo",5,0,0
"Endoradiciella","BEL","subparamo",5,0,0
"Entoloma","BEL","subparamo",5,1,0.000909087284340971
"Eocronartium","BEL","subparamo",5,0,0
"Epicoccum","BEL","subparamo",5,0,0
"Exophiala","BEL","subparamo",5,0,0
"Farysia","BEL","subparamo",5,0,0
"Fellhanera","BEL","subparamo",5,0,0
"Fellozyma","BEL","subparamo",5,0,0
"Filobasidium","BEL","subparamo",5,0,0
"Flagelloscypha","BEL","subparamo",5,0,0
"Flavocillium","BEL","subparamo",5,0,0
"Flexuomyces","BEL","subparamo",5,0,0
"Fulvoflamma","BEL","subparamo",5,0,0
"Funiliomyces","BEL","subparamo",5,0,0
"Fusarium","BEL","subparamo",5,0,0
"Fusidium","BEL","subparamo",5,0,0
"Galerina","BEL","subparamo",5,1,2.83848992336077e-05
"Genolevuria","BEL","subparamo",5,0,0
"Geoglossum","BEL","subparamo",5,0,0
"Glomerobolus","BEL","subparamo",5,0,0
"Glomus","BEL","subparamo",5,0,0
"Glutinoglossum","BEL","subparamo",5,0,0
"Gorgomyces","BEL","subparamo",5,0,0
"Gremmenia","BEL","subparamo",5,0,0
"Gryganskiella","BEL","subparamo",5,0,0
"Gymnopilus","BEL","subparamo",5,0,0
"Gymnopus","BEL","subparamo",5,0,0
"Gyoerffyella","BEL","subparamo",5,2,0.000143636357046332
"Gyromitra","BEL","subparamo",5,0,0
"Hannaella","BEL","subparamo",5,0,0
"Hansfordia","BEL","subparamo",5,0,0
"Haptocillium","BEL","subparamo",5,2,0.000338156771023613
"Harknessia","BEL","subparamo",5,0,0
"Helicoon","BEL","subparamo",5,2,3.87314401767216e-05
"Helicosporium","BEL","subparamo",5,0,0
"Hemibeltrania","BEL","subparamo",5,0,0
"Henningsia","BEL","subparamo",5,1,2.70376935975178e-05
"Hyalorbilia","BEL","subparamo",5,0,0
"Hyaloscypha","BEL","subparamo",5,3,0.0218128049124828
"Hygrocybe","BEL","subparamo",5,0,0
"Hyphodontia","BEL","subparamo",5,0,0
"Hypochnicium","BEL","subparamo",5,1,0.00244873166397708
"Ilyonectria","BEL","subparamo",5,1,4.07970843683705e-06
"Infundichalara","BEL","subparamo",5,0,0
"Jalapriya","BEL","subparamo",5,0,0
"Juncaceicola","BEL","subparamo",5,0,0
"Knufia","BEL","subparamo",5,2,0.000465326799529988
"Kockovaella","BEL","subparamo",5,0,0
"Krasilnikovozyma","BEL","subparamo",5,0,0
"Kurtzmanomyces","BEL","subparamo",5,0,0
"Laburnicola","BEL","subparamo",5,0,0
"Lachnellula","BEL","subparamo",5,1,2.03985421841852e-05
"Lachnum","BEL","subparamo",5,3,0.00360328948895584
"Lapidomyces","BEL","subparamo",5,0,0
"Lecanicillium","BEL","subparamo",5,1,1.13414448291872e-05
"Lecophagus","BEL","subparamo",5,0,0
"Leohumicola","BEL","subparamo",5,3,0.0793854663912006
"Leptobacillium","BEL","subparamo",5,3,8.68348858387285e-05
"Leptodontidium","BEL","subparamo",5,1,1.84298478474292e-05
"Leucosporidium","BEL","subparamo",5,0,0
"Liangia","BEL","subparamo",5,0,0
"Libkindia","BEL","subparamo",5,0,0
"Linnemannia","BEL","subparamo",5,0,0
"Lithohypha","BEL","subparamo",5,0,0
"Luellia","BEL","subparamo",5,0,0
"Lunasporangiospora","BEL","subparamo",5,0,0
"Maasoglossum","BEL","subparamo",5,0,0
"Malassezia","BEL","subparamo",5,2,5.43675584827543e-05
"Marasmiellus","BEL","subparamo",5,0,0
"Marchantiana","BEL","subparamo",5,0,0
"Mariannaea","BEL","subparamo",5,0,0
"Martininia","BEL","subparamo",5,0,0
"Megalaria","BEL","subparamo",5,0,0
"Melanconiella","BEL","subparamo",5,0,0
"Metapochonia","BEL","subparamo",5,2,0.00122937584570486
"Metarhizium","BEL","subparamo",5,0,0
"Micarea","BEL","subparamo",5,1,2.49315515584486e-05
"Microcera","BEL","subparamo",5,2,0.00111117122543753
"Microdochium","BEL","subparamo",5,0,0
"Microscypha","BEL","subparamo",5,0,0
"Mollisia","BEL","subparamo",5,1,0.00044736663729411
"Morchella","BEL","subparamo",5,0,0
"Mortierella","BEL","subparamo",5,5,0.00578920447510092
"Mucor","BEL","subparamo",5,0,0
"Mycena","BEL","subparamo",5,2,0.000280946193639363
"Myrmecridium","BEL","subparamo",5,0,0
"Naganishia","BEL","subparamo",5,0,0
"Nagrajchalara","BEL","subparamo",5,0,0
"Nakataea","BEL","subparamo",5,0,0
"Nectriopsis","BEL","subparamo",5,0,0
"Neoascochyta","BEL","subparamo",5,0,0
"Neochalara","BEL","subparamo",5,0,0
"Neocoleroa","BEL","subparamo",5,0,0
"Neofabraea","BEL","subparamo",5,0,0
"Neokalmusia","BEL","subparamo",5,0,0
"Neonectria","BEL","subparamo",5,0,0
"Neophaeomoniella","BEL","subparamo",5,0,0
"Neophaeosphaeria","BEL","subparamo",5,0,0
"Neopyrenochaeta","BEL","subparamo",5,2,0.000230588491186384
"Neosorocybe","BEL","subparamo",5,0,0
"Neovaginatispora","BEL","subparamo",5,0,0
"Neptunomyces","BEL","subparamo",5,1,0.000328416529165382
"Nigrograna","BEL","subparamo",5,0,0
"Nigrospora","BEL","subparamo",5,2,0.000226335516799832
"Normandina","BEL","subparamo",5,0,0
"Obeliospora","BEL","subparamo",5,1,0.000261101339957571
"Occultifur","BEL","subparamo",5,1,3.98722493132005e-06
"Occultitheca","BEL","subparamo",5,0,0
"Oidiodendron","BEL","subparamo",5,3,0.0309881564776204
"Oliveonia","BEL","subparamo",5,0,0
"Ophiocordyceps","BEL","subparamo",5,0,0
"Orbilia","BEL","subparamo",5,0,0
"Ovicillium","BEL","subparamo",5,0,0
"Papiliotrema","BEL","subparamo",5,1,3.04801329784406e-05
"Paraphaeosphaeria","BEL","subparamo",5,2,0.00127318200139598
"Pectenia","BEL","subparamo",5,0,0
"Pellidiscus","BEL","subparamo",5,0,0
"Penicillium","BEL","subparamo",5,4,0.002843457105857
"Peniophorella","BEL","subparamo",5,0,0
"Periconia","BEL","subparamo",5,2,0.000546163450177655
"Pestalotiopsis","BEL","subparamo",5,3,0.00418559222025287
"Pezicula","BEL","subparamo",5,3,0.0568925337967758
"Pezizellaster","BEL","subparamo",5,0,0
"Pezoloma","BEL","subparamo",5,0,0
"Phaeosphaeria","BEL","subparamo",5,0,0
"Phaeotremella","BEL","subparamo",5,1,0.000628785371669172
"Phialocephala","BEL","subparamo",5,0,0
"Pholiota","BEL","subparamo",5,0,0
"Phylloscypha","BEL","subparamo",5,0,0
"Pilidium","BEL","subparamo",5,1,0.000334941810956571
"Piptocephalis","BEL","subparamo",5,0,0
"Piskurozyma","BEL","subparamo",5,0,0
"Placynthiella","BEL","subparamo",5,0,0
"Plectosphaerella","BEL","subparamo",5,0,0
"Pleuroascus","BEL","subparamo",5,0,0
"Pochonia","BEL","subparamo",5,2,2.63833640987795e-05
"Podila","BEL","subparamo",5,0,0
"Podospora","BEL","subparamo",5,0,0
"Polydesmia","BEL","subparamo",5,1,0.00011070110701107
"Polylobatispora","BEL","subparamo",5,1,5.00897535856104e-05
"Polyscytalum","BEL","subparamo",5,0,0
"Porpidia","BEL","subparamo",5,0,0
"Preussia","BEL","subparamo",5,0,0
"Protomerulius","BEL","subparamo",5,0,0
"Psathyrella","BEL","subparamo",5,0,0
"Pseudoanungitea","BEL","subparamo",5,0,0
"Pseudoarthrographis","BEL","subparamo",5,0,0
"Pseudocercospora","BEL","subparamo",5,0,0
"Pseudocladosporium","BEL","subparamo",5,0,0
"Pseudoconlarium","BEL","subparamo",5,0,0
"Pseudodactylaria","BEL","subparamo",5,0,0
"Pseudogymnoascus","BEL","subparamo",5,0,0
"Pseudohelotium","BEL","subparamo",5,2,0.000188294495177268
"Pseudopenidiella","BEL","subparamo",5,0,0
"Pseudophialocephala","BEL","subparamo",5,0,0
"Pseudophialophora","BEL","subparamo",5,0,0
"Pseudoplectania","BEL","subparamo",5,2,0.00018979911904262
"Pseudorobillarda","BEL","subparamo",5,0,0
"Pseudosigmoidea","BEL","subparamo",5,0,0
"Psilocybe","BEL","subparamo",5,0,0
"Psoroglaena","BEL","subparamo",5,0,0
"Puccinia","BEL","subparamo",5,0,0
"Pycnora","BEL","subparamo",5,0,0
"Pyrenochaetopsis","BEL","subparamo",5,0,0
"Rachicladosporium","BEL","subparamo",5,1,3.26066538839132e-05
"Ramariopsis","BEL","subparamo",5,1,0.00319897814362759
"Ramicandelaber","BEL","subparamo",5,0,0
"Ramichloridium","BEL","subparamo",5,0,0
"Recurvomyces","BEL","subparamo",5,0,0
"Renatobasidium","BEL","subparamo",5,0,0
"Rhexocercosporidium","BEL","subparamo",5,0,0
"Rhexodenticula","BEL","subparamo",5,0,0
"Rhizoglomus","BEL","subparamo",5,2,0.00010525517861078
"Rhizophagus","BEL","subparamo",5,0,0
"Rhodosporidiobolus","BEL","subparamo",5,0,0
"Rhodotorula","BEL","subparamo",5,0,0
"Rickenella","BEL","subparamo",5,0,0
"Saitozyma","BEL","subparamo",5,1,0.000628032507416242
"Sakaguchia","BEL","subparamo",5,1,0.000156116945784842
"Sarcoleotia","BEL","subparamo",5,0,0
"Sarcopodium","BEL","subparamo",5,0,0
"Sarocladium","BEL","subparamo",5,0,0
"Sawadaea","BEL","subparamo",5,0,0
"Schizothecium","BEL","subparamo",5,0,0
"Sclerococcum","BEL","subparamo",5,1,1.09022958054507e-05
"Scutellinia","BEL","subparamo",5,0,0
"Scytalidium","BEL","subparamo",5,0,0
"Seiridium","BEL","subparamo",5,0,0
"Septoriella","BEL","subparamo",5,0,0
"Serendipita","BEL","subparamo",5,1,0.00120174959429986
"Setophoma","BEL","subparamo",5,0,0
"Sistotrema","BEL","subparamo",5,0,0
"Slooffia","BEL","subparamo",5,0,0
"Solicoccozyma","BEL","subparamo",5,0,0
"Sordaria","BEL","subparamo",5,0,0
"Spirosphaera","BEL","subparamo",5,0,0
"Sporidesmiella","BEL","subparamo",5,0,0
"Stachybotrys","BEL","subparamo",5,0,0
"Stagonospora","BEL","subparamo",5,0,0
"Stemphylium","BEL","subparamo",5,0,0
"Sympodiella","BEL","subparamo",5,0,0
"Sympoventuria","BEL","subparamo",5,0,0
"Taeniospora","BEL","subparamo",5,0,0
"Talaromyces","BEL","subparamo",5,1,0.000109870246782751
"Tausonia","BEL","subparamo",5,0,0
"Teichospora","BEL","subparamo",5,0,0
"Tephrocybe","BEL","subparamo",5,0,0
"Teratosphaeria","BEL","subparamo",5,3,0.010181632594031
"Terramyces","BEL","subparamo",5,0,0
"Tetracladium","BEL","subparamo",5,0,0
"Tetraploa","BEL","subparamo",5,0,0
"Thelebolus","BEL","subparamo",5,0,0
"Thoreauomyces","BEL","subparamo",5,0,0
"Tilletiaria","BEL","subparamo",5,0,0
"Tolypocladium","BEL","subparamo",5,3,0.00496218857781116
"Trechispora","BEL","subparamo",5,2,0.000315766975433014
"Tremella","BEL","subparamo",5,0,0
"Tricellula","BEL","subparamo",5,0,0
"Trichoderma","BEL","subparamo",5,2,0.000880781901207546
"Trichomerium","BEL","subparamo",5,0,0
"Triscelophorus","BEL","subparamo",5,0,0
"Tubaria","BEL","subparamo",5,1,5.43961124911606e-06
"Tulasnella","BEL","subparamo",5,0,0
"Umbelopsis","BEL","subparamo",5,1,0.00114761244865338
"Usnea","BEL","subparamo",5,0,0
"Vanrija","BEL","subparamo",5,0,0
"Vermiculariopsiella","BEL","subparamo",5,0,0
"Verrucaria","BEL","subparamo",5,0,0
"Vertexicola","BEL","subparamo",5,0,0
"Verticillium","BEL","subparamo",5,0,0
"Vishniacozyma","BEL","subparamo",5,0,0
"Volutella","BEL","subparamo",5,0,0
"Wojnowiciella","BEL","subparamo",5,0,0
"Xenasmatella","BEL","subparamo",5,1,0.000300879931876242
"Xenochalara","BEL","subparamo",5,0,0
"Xylodon","BEL","subparamo",5,0,0
"Xylolentia","BEL","subparamo",5,0,0
"Yamadamyces","BEL","subparamo",5,0,0
"Absconditella","DOM","subparamo",5,0,0
"Acanthobasidium","DOM","subparamo",5,0,0
"Acaulospora","DOM","subparamo",5,0,0
"Acephala","DOM","subparamo",5,5,0.0464520728473752
"Acidomelania","DOM","subparamo",5,0,0
"Acremonium","DOM","subparamo",5,0,0
"Acrodictys","DOM","subparamo",5,0,0
"Acrodontium","DOM","subparamo",5,0,0
"Ainoa","DOM","subparamo",5,0,0
"Alfaria","DOM","subparamo",5,0,0
"Angustimassarina","DOM","subparamo",5,0,0
"Apenidiella","DOM","subparamo",5,0,0
"Aphanobasidium","DOM","subparamo",5,0,0
"Aphanocladium","DOM","subparamo",5,0,0
"Apiotrichum","DOM","subparamo",5,1,6.5562746910986e-05
"Apodus","DOM","subparamo",5,0,0
"Arachnopeziza","DOM","subparamo",5,1,1.87717886832931e-05
"Archaeorhizomyces","DOM","subparamo",5,4,0.000748388081978663
"Arcopilus","DOM","subparamo",5,0,0
"Arrhenia","DOM","subparamo",5,0,0
"Arthrinium","DOM","subparamo",5,1,4.1223938741227e-06
"Arthroderma","DOM","subparamo",5,0,0
"Ascocoryne","DOM","subparamo",5,0,0
"Aspergillus","DOM","subparamo",5,0,0
"Asterostroma","DOM","subparamo",5,0,0
"Athelia","DOM","subparamo",5,0,0
"Athelopsis","DOM","subparamo",5,3,0.0604595756403581
"Atheniella","DOM","subparamo",5,0,0
"Atractospora","DOM","subparamo",5,0,0
"Aureobasidium","DOM","subparamo",5,0,0
"Auricularia","DOM","subparamo",5,1,0.00490364354390812
"Bandoniozyma","DOM","subparamo",5,0,0
"Bannoa","DOM","subparamo",5,0,0
"Basidiobolus","DOM","subparamo",5,0,0
"Basidiodendron","DOM","subparamo",5,0,0
"Beauveria","DOM","subparamo",5,1,0.000111872784662013
"Bimuria","DOM","subparamo",5,0,0
"Bjerkandera","DOM","subparamo",5,0,0
"Blastenia","DOM","subparamo",5,0,0
"Botryobasidium","DOM","subparamo",5,1,3.0839367122553e-05
"Botrytis","DOM","subparamo",5,0,0
"Brocchiosphaera","DOM","subparamo",5,0,0
"Brunneochlamydosporium","DOM","subparamo",5,0,0
"Bryochiton","DOM","subparamo",5,0,0
"Cadophora","DOM","subparamo",5,0,0
"Calophoma","DOM","subparamo",5,0,0
"Calycina","DOM","subparamo",5,0,0
"Calyptrozyma","DOM","subparamo",5,4,0.0210273462703832
"Camarophyllopsis","DOM","subparamo",5,0,0
"Camposporium","DOM","subparamo",5,0,0
"Camptophora","DOM","subparamo",5,0,0
"Candida","DOM","subparamo",5,0,0
"Capnobotryella","DOM","subparamo",5,2,0.000114067317650711
"Capronia","DOM","subparamo",5,0,0
"Carcinomyces","DOM","subparamo",5,2,0.00054534725984996
"Carlosrosaea","DOM","subparamo",5,0,0
"Catenulostroma","DOM","subparamo",5,0,0
"Cephalotheca","DOM","subparamo",5,0,0
"Ceratobasidium","DOM","subparamo",5,2,0.000365366209681903
"Ceriporia","DOM","subparamo",5,0,0
"Chaetocapnodium","DOM","subparamo",5,0,0
"Chaetosphaeria","DOM","subparamo",5,0,0
"Chalara","DOM","subparamo",5,2,0.000158254164835072
"Chloridium","DOM","subparamo",5,2,0.000333549590181551
"Chromocyphella","DOM","subparamo",5,0,0
"Cladia","DOM","subparamo",5,0,0
"Cladophialophora","DOM","subparamo",5,5,0.00670230988834994
"Cladosporium","DOM","subparamo",5,0,0
"Clathrosphaerina","DOM","subparamo",5,0,0
"Clathrus","DOM","subparamo",5,0,0
"Clavaria","DOM","subparamo",5,1,0.000373983059125605
"Clavulinopsis","DOM","subparamo",5,4,0.000634949658103607
"Clitopilus","DOM","subparamo",5,1,3.86652097167353e-05
"Clohesyomyces","DOM","subparamo",5,0,0
"Clonostachys","DOM","subparamo",5,0,0
"Clypeosphaeria","DOM","subparamo",5,0,0
"Codinaea","DOM","subparamo",5,0,0
"Colacogloea","DOM","subparamo",5,0,0
"Coleophoma","DOM","subparamo",5,0,0
"Collarina","DOM","subparamo",5,0,0
"Colletotrichum","DOM","subparamo",5,0,0
"Collybiopsis","DOM","subparamo",5,0,0
"Colpoma","DOM","subparamo",5,0,0
"Coniella","DOM","subparamo",5,0,0
"Coniochaeta","DOM","subparamo",5,0,0
"Conlarium","DOM","subparamo",5,0,0
"Coprinellus","DOM","subparamo",5,0,0
"Coprinopsis","DOM","subparamo",5,0,0
"Cora","DOM","subparamo",5,0,0
"Cordyceps","DOM","subparamo",5,0,0
"Cortinarius","DOM","subparamo",5,0,0
"Cotylidia","DOM","subparamo",5,1,1.23671816223681e-05
"Crocicreas","DOM","subparamo",5,0,0
"Cryptocoryneum","DOM","subparamo",5,0,0
"Cryptodiscus","DOM","subparamo",5,0,0
"Cudoniella","DOM","subparamo",5,0,0
"Curvibasidium","DOM","subparamo",5,0,0
"Cutaneotrichosporon","DOM","subparamo",5,0,0
"Cyathicula","DOM","subparamo",5,0,0
"Cylindrocladiella","DOM","subparamo",5,0,0
"Cylindrodendrum","DOM","subparamo",5,0,0
"Cylindrosympodioides","DOM","subparamo",5,0,0
"Cyphellophora","DOM","subparamo",5,0,0
"Cyphellostereum","DOM","subparamo",5,0,0
"Cystoderma","DOM","subparamo",5,0,0
"Cystofilobasidium","DOM","subparamo",5,0,0
"Cystolepiota","DOM","subparamo",5,0,0
"Dactylonectria","DOM","subparamo",5,0,0
"Dendrochytridium","DOM","subparamo",5,0,0
"Derxomyces","DOM","subparamo",5,0,0
"Devriesia","DOM","subparamo",5,0,0
"Diaporthe","DOM","subparamo",5,0,0
"Dictyochaeta","DOM","subparamo",5,0,0
"Dictyolus","DOM","subparamo",5,1,2.6816840976133e-05
"Dictyosporium","DOM","subparamo",5,0,0
"Dinemasporium","DOM","subparamo",5,0,0
"Dioszegia","DOM","subparamo",5,0,0
"Dissoderma","DOM","subparamo",5,0,0
"Dissophora","DOM","subparamo",5,1,5.49745240010727e-05
"Dominikia","DOM","subparamo",5,0,0
"Dothiorella","DOM","subparamo",5,0,0
"Durella","DOM","subparamo",5,0,0
"Endoradiciella","DOM","subparamo",5,0,0
"Entoloma","DOM","subparamo",5,3,0.000284770646472007
"Eocronartium","DOM","subparamo",5,0,0
"Epicoccum","DOM","subparamo",5,0,0
"Exophiala","DOM","subparamo",5,0,0
"Farysia","DOM","subparamo",5,0,0
"Fellhanera","DOM","subparamo",5,0,0
"Fellozyma","DOM","subparamo",5,0,0
"Filobasidium","DOM","subparamo",5,0,0
"Flagelloscypha","DOM","subparamo",5,2,0.000137361232502775
"Flavocillium","DOM","subparamo",5,0,0
"Flexuomyces","DOM","subparamo",5,0,0
"Fulvoflamma","DOM","subparamo",5,0,0
"Funiliomyces","DOM","subparamo",5,0,0
"Fusarium","DOM","subparamo",5,0,0
"Fusidium","DOM","subparamo",5,0,0
"Galerina","DOM","subparamo",5,0,0
"Genolevuria","DOM","subparamo",5,0,0
"Geoglossum","DOM","subparamo",5,0,0
"Glomerobolus","DOM","subparamo",5,1,0.000100457194390379
"Glomus","DOM","subparamo",5,0,0
"Glutinoglossum","DOM","subparamo",5,0,0
"Gorgomyces","DOM","subparamo",5,2,0.000825099226341794
"Gremmenia","DOM","subparamo",5,0,0
"Gryganskiella","DOM","subparamo",5,1,0.000138128642286771
"Gymnopilus","DOM","subparamo",5,0,0
"Gymnopus","DOM","subparamo",5,2,0.00014909394555258
"Gyoerffyella","DOM","subparamo",5,2,0.0114977279613733
"Gyromitra","DOM","subparamo",5,0,0
"Hannaella","DOM","subparamo",5,0,0
"Hansfordia","DOM","subparamo",5,0,0
"Haptocillium","DOM","subparamo",5,1,4.02252614641995e-05
"Harknessia","DOM","subparamo",5,1,3.90728569235707e-05
"Helicoon","DOM","subparamo",5,0,0
"Helicosporium","DOM","subparamo",5,0,0
"Hemibeltrania","DOM","subparamo",5,0,0
"Henningsia","DOM","subparamo",5,0,0
"Hyalorbilia","DOM","subparamo",5,1,4.82703137570394e-05
"Hyaloscypha","DOM","subparamo",5,1,0.00109018887094104
"Hygrocybe","DOM","subparamo",5,1,8.93093872538759e-05
"Hyphodontia","DOM","subparamo",5,0,0
"Hypochnicium","DOM","subparamo",5,0,0
"Ilyonectria","DOM","subparamo",5,1,0.00261873640831283
"Infundichalara","DOM","subparamo",5,1,7.90125492540185e-05
"Jalapriya","DOM","subparamo",5,0,0
"Juncaceicola","DOM","subparamo",5,0,0
"Knufia","DOM","subparamo",5,1,0.000385443827230473
"Kockovaella","DOM","subparamo",5,0,0
"Krasilnikovozyma","DOM","subparamo",5,0,0
"Kurtzmanomyces","DOM","subparamo",5,0,0
"Laburnicola","DOM","subparamo",5,0,0
"Lachnellula","DOM","subparamo",5,1,0.000146151783319925
"Lachnum","DOM","subparamo",5,2,0.0215213286953794
"Lapidomyces","DOM","subparamo",5,0,0
"Lecanicillium","DOM","subparamo",5,2,0.000184381842214909
"Lecophagus","DOM","subparamo",5,1,1.7863706787865e-05
"Leohumicola","DOM","subparamo",5,1,3.77886105127914e-05
"Leptobacillium","DOM","subparamo",5,3,0.000612963968800079
"Leptodontidium","DOM","subparamo",5,0,0
"Leucosporidium","DOM","subparamo",5,0,0
"Liangia","DOM","subparamo",5,0,0
"Libkindia","DOM","subparamo",5,0,0
"Linnemannia","DOM","subparamo",5,1,9.55021247505093e-05
"Lithohypha","DOM","subparamo",5,0,0
"Luellia","DOM","subparamo",5,0,0
"Lunasporangiospora","DOM","subparamo",5,1,6.73519826026404e-05
"Maasoglossum","DOM","subparamo",5,0,0
"Malassezia","DOM","subparamo",5,0,0
"Marasmiellus","DOM","subparamo",5,0,0
"Marchantiana","DOM","subparamo",5,0,0
"Mariannaea","DOM","subparamo",5,0,0
"Martininia","DOM","subparamo",5,0,0
"Megalaria","DOM","subparamo",5,0,0
"Melanconiella","DOM","subparamo",5,0,0
"Metapochonia","DOM","subparamo",5,1,3.64144792214172e-05
"Metarhizium","DOM","subparamo",5,0,0
"Micarea","DOM","subparamo",5,0,0
"Microcera","DOM","subparamo",5,0,0
"Microdochium","DOM","subparamo",5,3,0.000348430550828252
"Microscypha","DOM","subparamo",5,0,0
"Mollisia","DOM","subparamo",5,0,0
"Morchella","DOM","subparamo",5,1,3.64144792214172e-05
"Mortierella","DOM","subparamo",5,1,0.000123671816223681
"Mucor","DOM","subparamo",5,2,7.49736115868711e-05
"Mycena","DOM","subparamo",5,1,4.96111558058461e-05
"Myrmecridium","DOM","subparamo",5,0,0
"Naganishia","DOM","subparamo",5,0,0
"Nagrajchalara","DOM","subparamo",5,0,0
"Nakataea","DOM","subparamo",5,1,3.5303017567454e-05
"Nectriopsis","DOM","subparamo",5,0,0
"Neoascochyta","DOM","subparamo",5,0,0
"Neochalara","DOM","subparamo",5,0,0
"Neocoleroa","DOM","subparamo",5,0,0
"Neofabraea","DOM","subparamo",5,0,0
"Neokalmusia","DOM","subparamo",5,0,0
"Neonectria","DOM","subparamo",5,1,2.85786332688913e-05
"Neophaeomoniella","DOM","subparamo",5,0,0
"Neophaeosphaeria","DOM","subparamo",5,0,0
"Neopyrenochaeta","DOM","subparamo",5,0,0
"Neosorocybe","DOM","subparamo",5,0,0
"Neovaginatispora","DOM","subparamo",5,0,0
"Neptunomyces","DOM","subparamo",5,0,0
"Nigrograna","DOM","subparamo",5,0,0
"Nigrospora","DOM","subparamo",5,0,0
"Normandina","DOM","subparamo",5,0,0
"Obeliospora","DOM","subparamo",5,0,0
"Occultifur","DOM","subparamo",5,0,0
"Occultitheca","DOM","subparamo",5,0,0
"Oidiodendron","DOM","subparamo",5,3,0.00018055073099142
"Oliveonia","DOM","subparamo",5,1,0.000294191813062117
"Ophiocordyceps","DOM","subparamo",5,0,0
"Orbilia","DOM","subparamo",5,2,9.90345846045188e-05
"Ovicillium","DOM","subparamo",5,0,0
"Papiliotrema","DOM","subparamo",5,0,0
"Paraphaeosphaeria","DOM","subparamo",5,0,0
"Pectenia","DOM","subparamo",5,0,0
"Pellidiscus","DOM","subparamo",5,1,5.02365303303052e-05
"Penicillium","DOM","subparamo",5,4,0.000482241254327365
"Peniophorella","DOM","subparamo",5,0,0
"Periconia","DOM","subparamo",5,0,0
"Pestalotiopsis","DOM","subparamo",5,2,0.000305780300636243
"Pezicula","DOM","subparamo",5,0,0
"Pezizellaster","DOM","subparamo",5,2,6.20985777492516e-05
"Pezoloma","DOM","subparamo",5,3,0.0204896085954754
"Phaeosphaeria","DOM","subparamo",5,0,0
"Phaeotremella","DOM","subparamo",5,0,0
"Phialocephala","DOM","subparamo",5,0,0
"Pholiota","DOM","subparamo",5,0,0
"Phylloscypha","DOM","subparamo",5,0,0
"Pilidium","DOM","subparamo",5,0,0
"Piptocephalis","DOM","subparamo",5,1,3.08220937334117e-05
"Piskurozyma","DOM","subparamo",5,1,1.47492625368732e-05
"Placynthiella","DOM","subparamo",5,0,0
"Plectosphaerella","DOM","subparamo",5,0,0
"Pleuroascus","DOM","subparamo",5,0,0
"Pochonia","DOM","subparamo",5,1,8.90980919559553e-05
"Podila","DOM","subparamo",5,1,8.57358998066739e-05
"Podospora","DOM","subparamo",5,0,0
"Polydesmia","DOM","subparamo",5,0,0
"Polylobatispora","DOM","subparamo",5,0,0
"Polyscytalum","DOM","subparamo",5,0,0
"Porpidia","DOM","subparamo",5,0,0
"Preussia","DOM","subparamo",5,0,0
"Protomerulius","DOM","subparamo",5,0,0
"Psathyrella","DOM","subparamo",5,0,0
"Pseudoanungitea","DOM","subparamo",5,0,0
"Pseudoarthrographis","DOM","subparamo",5,1,0.000217799809682816
"Pseudocercospora","DOM","subparamo",5,0,0
"Pseudocladosporium","DOM","subparamo",5,0,0
"Pseudoconlarium","DOM","subparamo",5,0,0
"Pseudodactylaria","DOM","subparamo",5,0,0
"Pseudogymnoascus","DOM","subparamo",5,0,0
"Pseudohelotium","DOM","subparamo",5,0,0
"Pseudopenidiella","DOM","subparamo",5,1,3.62027353177796e-05
"Pseudophialocephala","DOM","subparamo",5,1,0.00018825598691827
"Pseudophialophora","DOM","subparamo",5,1,0.00125033142155426
"Pseudoplectania","DOM","subparamo",5,0,0
"Pseudorobillarda","DOM","subparamo",5,0,0
"Pseudosigmoidea","DOM","subparamo",5,1,0.000222604010296862
"Psilocybe","DOM","subparamo",5,0,0
"Psoroglaena","DOM","subparamo",5,1,1.1680115976681e-05
"Puccinia","DOM","subparamo",5,0,0
"Pycnora","DOM","subparamo",5,0,0
"Pyrenochaetopsis","DOM","subparamo",5,0,0
"Rachicladosporium","DOM","subparamo",5,0,0
"Ramariopsis","DOM","subparamo",5,1,0.00224110743640195
"Ramicandelaber","DOM","subparamo",5,0,0
"Ramichloridium","DOM","subparamo",5,0,0
"Recurvomyces","DOM","subparamo",5,0,0
"Renatobasidium","DOM","subparamo",5,0,0
"Rhexocercosporidium","DOM","subparamo",5,0,0
"Rhexodenticula","DOM","subparamo",5,0,0
"Rhizoglomus","DOM","subparamo",5,0,0
"Rhizophagus","DOM","subparamo",5,0,0
"Rhodosporidiobolus","DOM","subparamo",5,0,0
"Rhodotorula","DOM","subparamo",5,1,1.99249037249264e-05
"Rickenella","DOM","subparamo",5,0,0
"Saitozyma","DOM","subparamo",5,0,0
"Sakaguchia","DOM","subparamo",5,0,0
"Sarcoleotia","DOM","subparamo",5,2,0.000193488161044476
"Sarcopodium","DOM","subparamo",5,0,0
"Sarocladium","DOM","subparamo",5,0,0
"Sawadaea","DOM","subparamo",5,0,0
"Schizothecium","DOM","subparamo",5,0,0
"Sclerococcum","DOM","subparamo",5,2,0.0349302859995634
"Scutellinia","DOM","subparamo",5,0,0
"Scytalidium","DOM","subparamo",5,0,0
"Seiridium","DOM","subparamo",5,1,1.09930503309939e-05
"Septoriella","DOM","subparamo",5,0,0
"Serendipita","DOM","subparamo",5,5,0.0973666894338193
"Setophoma","DOM","subparamo",5,0,0
"Sistotrema","DOM","subparamo",5,2,0.00011291316886317
"Slooffia","DOM","subparamo",5,0,0
"Solicoccozyma","DOM","subparamo",5,0,0
"Sordaria","DOM","subparamo",5,1,2.2327346813469e-05
"Spirosphaera","DOM","subparamo",5,1,0.00114427652419028
"Sporidesmiella","DOM","subparamo",5,0,0
"Stachybotrys","DOM","subparamo",5,2,0.00011496097907949
"Stagonospora","DOM","subparamo",5,1,9.61891903961964e-06
"Stemphylium","DOM","subparamo",5,0,0
"Sympodiella","DOM","subparamo",5,3,0.00035684682831032
"Sympoventuria","DOM","subparamo",5,1,3.99545659507189e-05
"Taeniospora","DOM","subparamo",5,0,0
"Talaromyces","DOM","subparamo",5,0,0
"Tausonia","DOM","subparamo",5,0,0
"Teichospora","DOM","subparamo",5,0,0
"Tephrocybe","DOM","subparamo",5,0,0
"Teratosphaeria","DOM","subparamo",5,2,0.0108795711438349
"Terramyces","DOM","subparamo",5,0,0
"Tetracladium","DOM","subparamo",5,1,3.77886105127914e-05
"Tetraploa","DOM","subparamo",5,0,0
"Thelebolus","DOM","subparamo",5,0,0
"Thoreauomyces","DOM","subparamo",5,0,0
"Tilletiaria","DOM","subparamo",5,0,0
"Tolypocladium","DOM","subparamo",5,2,0.000741754703032747
"Trechispora","DOM","subparamo",5,1,0.00141604229576115
"Tremella","DOM","subparamo",5,0,0
"Tricellula","DOM","subparamo",5,0,0
"Trichoderma","DOM","subparamo",5,0,0
"Trichomerium","DOM","subparamo",5,1,3.84756761584786e-05
"Triscelophorus","DOM","subparamo",5,0,0
"Tubaria","DOM","subparamo",5,0,0
"Tulasnella","DOM","subparamo",5,1,2.12990350163006e-05
"Umbelopsis","DOM","subparamo",5,1,4.74456119786216e-05
"Usnea","DOM","subparamo",5,0,0
"Vanrija","DOM","subparamo",5,0,0
"Vermiculariopsiella","DOM","subparamo",5,0,0
"Verrucaria","DOM","subparamo",5,0,0
"Vertexicola","DOM","subparamo",5,0,0
"Verticillium","DOM","subparamo",5,0,0
"Vishniacozyma","DOM","subparamo",5,1,0.000103059846853068
"Volutella","DOM","subparamo",5,0,0
"Wojnowiciella","DOM","subparamo",5,1,9.48912239572431e-05
"Xenasmatella","DOM","subparamo",5,0,0
"Xenochalara","DOM","subparamo",5,0,0
"Xylodon","DOM","subparamo",5,0,0
"Xylolentia","DOM","subparamo",5,0,0
"Yamadamyces","DOM","subparamo",5,0,0
"Absconditella","MA","subparamo",5,0,0
"Acanthobasidium","MA","subparamo",5,0,0
"Acaulospora","MA","subparamo",5,0,0
"Acephala","MA","subparamo",5,0,0
"Acidomelania","MA","subparamo",5,0,0
"Acremonium","MA","subparamo",5,1,9.96832288505416e-06
"Acrodictys","MA","subparamo",5,0,0
"Acrodontium","MA","subparamo",5,1,3.32924743874941e-05
"Ainoa","MA","subparamo",5,0,0
"Alfaria","MA","subparamo",5,0,0
"Angustimassarina","MA","subparamo",5,1,2.21518286334537e-05
"Apenidiella","MA","subparamo",5,0,0
"Aphanobasidium","MA","subparamo",5,0,0
"Aphanocladium","MA","subparamo",5,0,0
"Apiotrichum","MA","subparamo",5,0,0
"Apodus","MA","subparamo",5,0,0
"Arachnopeziza","MA","subparamo",5,0,0
"Archaeorhizomyces","MA","subparamo",5,1,0.00830686929603991
"Arcopilus","MA","subparamo",5,0,0
"Arrhenia","MA","subparamo",5,0,0
"Arthrinium","MA","subparamo",5,0,0
"Arthroderma","MA","subparamo",5,0,0
"Ascocoryne","MA","subparamo",5,1,1.88290543384356e-05
"Aspergillus","MA","subparamo",5,0,0
"Asterostroma","MA","subparamo",5,2,0.000249119959017756
"Athelia","MA","subparamo",5,0,0
"Athelopsis","MA","subparamo",5,3,0.00147331199730827
"Atheniella","MA","subparamo",5,0,0
"Atractospora","MA","subparamo",5,0,0
"Aureobasidium","MA","subparamo",5,0,0
"Auricularia","MA","subparamo",5,1,0.000336707795228496
"Bandoniozyma","MA","subparamo",5,0,0
"Bannoa","MA","subparamo",5,0,0
"Basidiobolus","MA","subparamo",5,0,0
"Basidiodendron","MA","subparamo",5,3,0.00385569296597184
"Beauveria","MA","subparamo",5,0,0
"Bimuria","MA","subparamo",5,0,0
"Bjerkandera","MA","subparamo",5,1,8.0854174512106e-05
"Blastenia","MA","subparamo",5,0,0
"Botryobasidium","MA","subparamo",5,0,0
"Botrytis","MA","subparamo",5,0,0
"Brocchiosphaera","MA","subparamo",5,0,0
"Brunneochlamydosporium","MA","subparamo",5,0,0
"Bryochiton","MA","subparamo",5,0,0
"Cadophora","MA","subparamo",5,0,0
"Calophoma","MA","subparamo",5,0,0
"Calycina","MA","subparamo",5,0,0
"Calyptrozyma","MA","subparamo",5,0,0
"Camarophyllopsis","MA","subparamo",5,0,0
"Camposporium","MA","subparamo",5,0,0
"Camptophora","MA","subparamo",5,0,0
"Candida","MA","subparamo",5,1,1.55261884998716e-05
"Capnobotryella","MA","subparamo",5,0,0
"Capronia","MA","subparamo",5,1,0.00190977739440989
"Carcinomyces","MA","subparamo",5,0,0
"Carlosrosaea","MA","subparamo",5,0,0
"Catenulostroma","MA","subparamo",5,0,0
"Cephalotheca","MA","subparamo",5,1,0.00639766733845032
"Ceratobasidium","MA","subparamo",5,0,0
"Ceriporia","MA","subparamo",5,0,0
"Chaetocapnodium","MA","subparamo",5,0,0
"Chaetosphaeria","MA","subparamo",5,0,0
"Chalara","MA","subparamo",5,0,0
"Chloridium","MA","subparamo",5,1,3.80681419741337e-05
"Chromocyphella","MA","subparamo",5,1,3.40609691347512e-05
"Cladia","MA","subparamo",5,0,0
"Cladophialophora","MA","subparamo",5,3,0.000205186509032565
"Cladosporium","MA","subparamo",5,0,0
"Clathrosphaerina","MA","subparamo",5,0,0
"Clathrus","MA","subparamo",5,0,0
"Clavaria","MA","subparamo",5,0,0
"Clavulinopsis","MA","subparamo",5,0,0
"Clitopilus","MA","subparamo",5,0,0
"Clohesyomyces","MA","subparamo",5,0,0
"Clonostachys","MA","subparamo",5,0,0
"Clypeosphaeria","MA","subparamo",5,0,0
"Codinaea","MA","subparamo",5,0,0
"Colacogloea","MA","subparamo",5,0,0
"Coleophoma","MA","subparamo",5,0,0
"Collarina","MA","subparamo",5,0,0
"Colletotrichum","MA","subparamo",5,0,0
"Collybiopsis","MA","subparamo",5,2,0.000109364354062457
"Colpoma","MA","subparamo",5,0,0
"Coniella","MA","subparamo",5,0,0
"Coniochaeta","MA","subparamo",5,0,0
"Conlarium","MA","subparamo",5,0,0
"Coprinellus","MA","subparamo",5,0,0
"Coprinopsis","MA","subparamo",5,0,0
"Cora","MA","subparamo",5,0,0
"Cordyceps","MA","subparamo",5,0,0
"Cortinarius","MA","subparamo",5,0,0
"Cotylidia","MA","subparamo",5,0,0
"Crocicreas","MA","subparamo",5,0,0
"Cryptocoryneum","MA","subparamo",5,0,0
"Cryptodiscus","MA","subparamo",5,4,0.129792986011258
"Cudoniella","MA","subparamo",5,0,0
"Curvibasidium","MA","subparamo",5,0,0
"Cutaneotrichosporon","MA","subparamo",5,0,0
"Cyathicula","MA","subparamo",5,0,0
"Cylindrocladiella","MA","subparamo",5,0,0
"Cylindrodendrum","MA","subparamo",5,0,0
"Cylindrosympodioides","MA","subparamo",5,0,0
"Cyphellophora","MA","subparamo",5,0,0
"Cyphellostereum","MA","subparamo",5,0,0
"Cystoderma","MA","subparamo",5,0,0
"Cystofilobasidium","MA","subparamo",5,0,0
"Cystolepiota","MA","subparamo",5,0,0
"Dactylonectria","MA","subparamo",5,0,0
"Dendrochytridium","MA","subparamo",5,0,0
"Derxomyces","MA","subparamo",5,0,0
"Devriesia","MA","subparamo",5,0,0
"Diaporthe","MA","subparamo",5,1,0.000894933876791529
"Dictyochaeta","MA","subparamo",5,0,0
"Dictyolus","MA","subparamo",5,0,0
"Dictyosporium","MA","subparamo",5,0,0
"Dinemasporium","MA","subparamo",5,0,0
"Dioszegia","MA","subparamo",5,0,0
"Dissoderma","MA","subparamo",5,0,0
"Dissophora","MA","subparamo",5,0,0
"Dominikia","MA","subparamo",5,0,0
"Dothiorella","MA","subparamo",5,0,0
"Durella","MA","subparamo",5,0,0
"Endoradiciella","MA","subparamo",5,0,0
"Entoloma","MA","subparamo",5,1,0.00307418532297458
"Eocronartium","MA","subparamo",5,0,0
"Epicoccum","MA","subparamo",5,0,0
"Exophiala","MA","subparamo",5,0,0
"Farysia","MA","subparamo",5,0,0
"Fellhanera","MA","subparamo",5,0,0
"Fellozyma","MA","subparamo",5,0,0
"Filobasidium","MA","subparamo",5,0,0
"Flagelloscypha","MA","subparamo",5,0,0
"Flavocillium","MA","subparamo",5,0,0
"Flexuomyces","MA","subparamo",5,0,0
"Fulvoflamma","MA","subparamo",5,0,0
"Funiliomyces","MA","subparamo",5,0,0
"Fusarium","MA","subparamo",5,0,0
"Fusidium","MA","subparamo",5,0,0
"Galerina","MA","subparamo",5,0,0
"Genolevuria","MA","subparamo",5,0,0
"Geoglossum","MA","subparamo",5,0,0
"Glomerobolus","MA","subparamo",5,0,0
"Glomus","MA","subparamo",5,0,0
"Glutinoglossum","MA","subparamo",5,0,0
"Gorgomyces","MA","subparamo",5,0,0
"Gremmenia","MA","subparamo",5,0,0
"Gryganskiella","MA","subparamo",5,0,0
"Gymnopilus","MA","subparamo",5,1,0.000148095951844929
"Gymnopus","MA","subparamo",5,0,0
"Gyoerffyella","MA","subparamo",5,0,0
"Gyromitra","MA","subparamo",5,0,0
"Hannaella","MA","subparamo",5,0,0
"Hansfordia","MA","subparamo",5,0,0
"Haptocillium","MA","subparamo",5,1,3.10125600868352e-05
"Harknessia","MA","subparamo",5,0,0
"Helicoon","MA","subparamo",5,0,0
"Helicosporium","MA","subparamo",5,0,0
"Hemibeltrania","MA","subparamo",5,0,0
"Henningsia","MA","subparamo",5,0,0
"Hyalorbilia","MA","subparamo",5,0,0
"Hyaloscypha","MA","subparamo",5,3,0.00392102888023161
"Hygrocybe","MA","subparamo",5,0,0
"Hyphodontia","MA","subparamo",5,0,0
"Hypochnicium","MA","subparamo",5,0,0
"Ilyonectria","MA","subparamo",5,0,0
"Infundichalara","MA","subparamo",5,0,0
"Jalapriya","MA","subparamo",5,0,0
"Juncaceicola","MA","subparamo",5,0,0
"Knufia","MA","subparamo",5,0,0
"Kockovaella","MA","subparamo",5,0,0
"Krasilnikovozyma","MA","subparamo",5,0,0
"Kurtzmanomyces","MA","subparamo",5,0,0
"Laburnicola","MA","subparamo",5,0,0
"Lachnellula","MA","subparamo",5,0,0
"Lachnum","MA","subparamo",5,1,0.0900892718693928
"Lapidomyces","MA","subparamo",5,0,0
"Lecanicillium","MA","subparamo",5,2,7.89498065192189e-05
"Lecophagus","MA","subparamo",5,0,0
"Leohumicola","MA","subparamo",5,1,6.64554859003611e-06
"Leptobacillium","MA","subparamo",5,3,8.4297582133353e-05
"Leptodontidium","MA","subparamo",5,0,0
"Leucosporidium","MA","subparamo",5,1,2.60466234559862e-05
"Liangia","MA","subparamo",5,0,0
"Libkindia","MA","subparamo",5,0,0
"Linnemannia","MA","subparamo",5,0,0
"Lithohypha","MA","subparamo",5,0,0
"Luellia","MA","subparamo",5,2,0.0355155462803655
"Lunasporangiospora","MA","subparamo",5,0,0
"Maasoglossum","MA","subparamo",5,0,0
"Malassezia","MA","subparamo",5,0,0
"Marasmiellus","MA","subparamo",5,0,0
"Marchantiana","MA","subparamo",5,0,0
"Mariannaea","MA","subparamo",5,0,0
"Martininia","MA","subparamo",5,0,0
"Megalaria","MA","subparamo",5,0,0
"Melanconiella","MA","subparamo",5,0,0
"Metapochonia","MA","subparamo",5,1,4.98416144252708e-05
"Metarhizium","MA","subparamo",5,0,0
"Micarea","MA","subparamo",5,0,0
"Microcera","MA","subparamo",5,0,0
"Microdochium","MA","subparamo",5,0,0
"Microscypha","MA","subparamo",5,0,0
"Mollisia","MA","subparamo",5,0,0
"Morchella","MA","subparamo",5,0,0
"Mortierella","MA","subparamo",5,3,0.000428543384438028
"Mucor","MA","subparamo",5,0,0
"Mycena","MA","subparamo",5,0,0
"Myrmecridium","MA","subparamo",5,0,0
"Naganishia","MA","subparamo",5,0,0
"Nagrajchalara","MA","subparamo",5,0,0
"Nakataea","MA","subparamo",5,0,0
"Nectriopsis","MA","subparamo",5,0,0
"Neoascochyta","MA","subparamo",5,0,0
"Neochalara","MA","subparamo",5,0,0
"Neocoleroa","MA","subparamo",5,0,0
"Neofabraea","MA","subparamo",5,0,0
"Neokalmusia","MA","subparamo",5,0,0
"Neonectria","MA","subparamo",5,0,0
"Neophaeomoniella","MA","subparamo",5,0,0
"Neophaeosphaeria","MA","subparamo",5,0,0
"Neopyrenochaeta","MA","subparamo",5,0,0
"Neosorocybe","MA","subparamo",5,0,0
"Neovaginatispora","MA","subparamo",5,0,0
"Neptunomyces","MA","subparamo",5,0,0
"Nigrograna","MA","subparamo",5,0,0
"Nigrospora","MA","subparamo",5,0,0
"Normandina","MA","subparamo",5,0,0
"Obeliospora","MA","subparamo",5,1,0.00188702906383055
"Occultifur","MA","subparamo",5,0,0
"Occultitheca","MA","subparamo",5,0,0
"Oidiodendron","MA","subparamo",5,2,0.000410163195509191
"Oliveonia","MA","subparamo",5,0,0
"Ophiocordyceps","MA","subparamo",5,0,0
"Orbilia","MA","subparamo",5,0,0
"Ovicillium","MA","subparamo",5,0,0
"Papiliotrema","MA","subparamo",5,0,0
"Paraphaeosphaeria","MA","subparamo",5,0,0
"Pectenia","MA","subparamo",5,0,0
"Pellidiscus","MA","subparamo",5,0,0
"Penicillium","MA","subparamo",5,0,0
"Peniophorella","MA","subparamo",5,0,0
"Periconia","MA","subparamo",5,0,0
"Pestalotiopsis","MA","subparamo",5,0,0
"Pezicula","MA","subparamo",5,1,5.37444986534017e-05
"Pezizellaster","MA","subparamo",5,0,0
"Pezoloma","MA","subparamo",5,0,0
"Phaeosphaeria","MA","subparamo",5,0,0
"Phaeotremella","MA","subparamo",5,0,0
"Phialocephala","MA","subparamo",5,0,0
"Pholiota","MA","subparamo",5,2,0.000185533685152833
"Phylloscypha","MA","subparamo",5,0,0
"Pilidium","MA","subparamo",5,0,0
"Piptocephalis","MA","subparamo",5,0,0
"Piskurozyma","MA","subparamo",5,1,0.000104186493823945
"Placynthiella","MA","subparamo",5,0,0
"Plectosphaerella","MA","subparamo",5,0,0
"Pleuroascus","MA","subparamo",5,0,0
"Pochonia","MA","subparamo",5,0,0
"Podila","MA","subparamo",5,0,0
"Podospora","MA","subparamo",5,0,0
"Polydesmia","MA","subparamo",5,0,0
"Polylobatispora","MA","subparamo",5,0,0
"Polyscytalum","MA","subparamo",5,0,0
"Porpidia","MA","subparamo",5,0,0
"Preussia","MA","subparamo",5,0,0
"Protomerulius","MA","subparamo",5,0,0
"Psathyrella","MA","subparamo",5,0,0
"Pseudoanungitea","MA","subparamo",5,0,0
"Pseudoarthrographis","MA","subparamo",5,0,0
"Pseudocercospora","MA","subparamo",5,0,0
"Pseudocladosporium","MA","subparamo",5,0,0
"Pseudoconlarium","MA","subparamo",5,0,0
"Pseudodactylaria","MA","subparamo",5,0,0
"Pseudogymnoascus","MA","subparamo",5,0,0
"Pseudohelotium","MA","subparamo",5,0,0
"Pseudopenidiella","MA","subparamo",5,1,1.19432219229782e-05
"Pseudophialocephala","MA","subparamo",5,0,0
"Pseudophialophora","MA","subparamo",5,0,0
"Pseudoplectania","MA","subparamo",5,0,0
"Pseudorobillarda","MA","subparamo",5,0,0
"Pseudosigmoidea","MA","subparamo",5,1,1.00179320984562e-05
"Psilocybe","MA","subparamo",5,0,0
"Psoroglaena","MA","subparamo",5,0,0
"Puccinia","MA","subparamo",5,0,0
"Pycnora","MA","subparamo",5,0,0
"Pyrenochaetopsis","MA","subparamo",5,0,0
"Rachicladosporium","MA","subparamo",5,0,0
"Ramariopsis","MA","subparamo",5,1,0.00248444716041715
"Ramicandelaber","MA","subparamo",5,0,0
"Ramichloridium","MA","subparamo",5,0,0
"Recurvomyces","MA","subparamo",5,0,0
"Renatobasidium","MA","subparamo",5,0,0
"Rhexocercosporidium","MA","subparamo",5,0,0
"Rhexodenticula","MA","subparamo",5,0,0
"Rhizoglomus","MA","subparamo",5,0,0
"Rhizophagus","MA","subparamo",5,0,0
"Rhodosporidiobolus","MA","subparamo",5,0,0
"Rhodotorula","MA","subparamo",5,0,0
"Rickenella","MA","subparamo",5,0,0
"Saitozyma","MA","subparamo",5,0,0
"Sakaguchia","MA","subparamo",5,0,0
"Sarcoleotia","MA","subparamo",5,0,0
"Sarcopodium","MA","subparamo",5,0,0
"Sarocladium","MA","subparamo",5,0,0
"Sawadaea","MA","subparamo",5,0,0
"Schizothecium","MA","subparamo",5,0,0
"Sclerococcum","MA","subparamo",5,3,0.00780364133453074
"Scutellinia","MA","subparamo",5,0,0
"Scytalidium","MA","subparamo",5,0,0
"Seiridium","MA","subparamo",5,0,0
"Septoriella","MA","subparamo",5,0,0
"Serendipita","MA","subparamo",5,3,0.017755542345393
"Setophoma","MA","subparamo",5,0,0
"Sistotrema","MA","subparamo",5,0,0
"Slooffia","MA","subparamo",5,0,0
"Solicoccozyma","MA","subparamo",5,0,0
"Sordaria","MA","subparamo",5,0,0
"Spirosphaera","MA","subparamo",5,0,0
"Sporidesmiella","MA","subparamo",5,0,0
"Stachybotrys","MA","subparamo",5,0,0
"Stagonospora","MA","subparamo",5,0,0
"Stemphylium","MA","subparamo",5,0,0
"Sympodiella","MA","subparamo",5,0,0
"Sympoventuria","MA","subparamo",5,0,0
"Taeniospora","MA","subparamo",5,1,0.000298534376533996
"Talaromyces","MA","subparamo",5,0,0
"Tausonia","MA","subparamo",5,0,0
"Teichospora","MA","subparamo",5,0,0
"Tephrocybe","MA","subparamo",5,0,0
"Teratosphaeria","MA","subparamo",5,0,0
"Terramyces","MA","subparamo",5,0,0
"Tetracladium","MA","subparamo",5,0,0
"Tetraploa","MA","subparamo",5,0,0
"Thelebolus","MA","subparamo",5,0,0
"Thoreauomyces","MA","subparamo",5,0,0
"Tilletiaria","MA","subparamo",5,0,0
"Tolypocladium","MA","subparamo",5,1,2.65821943601444e-05
"Trechispora","MA","subparamo",5,2,0.000455399297387473
"Tremella","MA","subparamo",5,1,0.00160487272217269
"Tricellula","MA","subparamo",5,0,0
"Trichoderma","MA","subparamo",5,0,0
"Trichomerium","MA","subparamo",5,0,0
"Triscelophorus","MA","subparamo",5,0,0
"Tubaria","MA","subparamo",5,0,0
"Tulasnella","MA","subparamo",5,0,0
"Umbelopsis","MA","subparamo",5,2,0.000159343774712829
"Usnea","MA","subparamo",5,0,0
"Vanrija","MA","subparamo",5,0,0
"Vermiculariopsiella","MA","subparamo",5,0,0
"Verrucaria","MA","subparamo",5,0,0
"Vertexicola","MA","subparamo",5,0,0
"Verticillium","MA","subparamo",5,0,0
"Vishniacozyma","MA","subparamo",5,0,0
"Volutella","MA","subparamo",5,1,2.76897857918171e-05
"Wojnowiciella","MA","subparamo",5,0,0
"Xenasmatella","MA","subparamo",5,1,0.000130783414090305
"Xenochalara","MA","subparamo",5,0,0
"Xylodon","MA","subparamo",5,1,0.00236623556165536
"Xylolentia","MA","subparamo",5,0,0
"Yamadamyces","MA","subparamo",5,0,0
"Absconditella","NV","subparamo",5,0,0
"Acanthobasidium","NV","subparamo",5,0,0
"Acaulospora","NV","subparamo",5,0,0
"Acephala","NV","subparamo",5,0,0
"Acidomelania","NV","subparamo",5,0,0
"Acremonium","NV","subparamo",5,0,0
"Acrodictys","NV","subparamo",5,0,0
"Acrodontium","NV","subparamo",5,0,0
"Ainoa","NV","subparamo",5,0,0
"Alfaria","NV","subparamo",5,1,0.000100290843445993
"Angustimassarina","NV","subparamo",5,0,0
"Apenidiella","NV","subparamo",5,0,0
"Aphanobasidium","NV","subparamo",5,0,0
"Aphanocladium","NV","subparamo",5,0,0
"Apiotrichum","NV","subparamo",5,0,0
"Apodus","NV","subparamo",5,2,0.00013810786805939
"Arachnopeziza","NV","subparamo",5,1,7.72815443943832e-05
"Archaeorhizomyces","NV","subparamo",5,1,0.00142789088356233
"Arcopilus","NV","subparamo",5,0,0
"Arrhenia","NV","subparamo",5,0,0
"Arthrinium","NV","subparamo",5,0,0
"Arthroderma","NV","subparamo",5,0,0
"Ascocoryne","NV","subparamo",5,0,0
"Aspergillus","NV","subparamo",5,1,2.17296827466319e-05
"Asterostroma","NV","subparamo",5,0,0
"Athelia","NV","subparamo",5,0,0
"Athelopsis","NV","subparamo",5,3,0.0102958036211397
"Atheniella","NV","subparamo",5,0,0
"Atractospora","NV","subparamo",5,4,0.00106108109686078
"Aureobasidium","NV","subparamo",5,0,0
"Auricularia","NV","subparamo",5,0,0
"Bandoniozyma","NV","subparamo",5,0,0
"Bannoa","NV","subparamo",5,0,0
"Basidiobolus","NV","subparamo",5,0,0
"Basidiodendron","NV","subparamo",5,1,6.49164972912819e-05
"Beauveria","NV","subparamo",5,0,0
"Bimuria","NV","subparamo",5,0,0
"Bjerkandera","NV","subparamo",5,0,0
"Blastenia","NV","subparamo",5,0,0
"Botryobasidium","NV","subparamo",5,0,0
"Botrytis","NV","subparamo",5,0,0
"Brocchiosphaera","NV","subparamo",5,1,0.000380785404139329
"Brunneochlamydosporium","NV","subparamo",5,0,0
"Bryochiton","NV","subparamo",5,0,0
"Cadophora","NV","subparamo",5,0,0
"Calophoma","NV","subparamo",5,0,0
"Calycina","NV","subparamo",5,0,0
"Calyptrozyma","NV","subparamo",5,0,0
"Camarophyllopsis","NV","subparamo",5,0,0
"Camposporium","NV","subparamo",5,0,0
"Camptophora","NV","subparamo",5,0,0
"Candida","NV","subparamo",5,2,0.00301317579226683
"Capnobotryella","NV","subparamo",5,0,0
"Capronia","NV","subparamo",5,1,0.00158067034667909
"Carcinomyces","NV","subparamo",5,0,0
"Carlosrosaea","NV","subparamo",5,0,0
"Catenulostroma","NV","subparamo",5,0,0
"Cephalotheca","NV","subparamo",5,0,0
"Ceratobasidium","NV","subparamo",5,0,0
"Ceriporia","NV","subparamo",5,0,0
"Chaetocapnodium","NV","subparamo",5,0,0
"Chaetosphaeria","NV","subparamo",5,0,0
"Chalara","NV","subparamo",5,1,0.000728697248209076
"Chloridium","NV","subparamo",5,0,0
"Chromocyphella","NV","subparamo",5,0,0
"Cladia","NV","subparamo",5,0,0
"Cladophialophora","NV","subparamo",5,5,0.0124813449367579
"Cladosporium","NV","subparamo",5,2,0.000183179654560895
"Clathrosphaerina","NV","subparamo",5,0,0
"Clathrus","NV","subparamo",5,0,0
"Clavaria","NV","subparamo",5,4,0.00117113778085891
"Clavulinopsis","NV","subparamo",5,2,0.00027708583469883
"Clitopilus","NV","subparamo",5,0,0
"Clohesyomyces","NV","subparamo",5,1,0.0108215052502766
"Clonostachys","NV","subparamo",5,0,0
"Clypeosphaeria","NV","subparamo",5,0,0
"Codinaea","NV","subparamo",5,0,0
"Colacogloea","NV","subparamo",5,0,0
"Coleophoma","NV","subparamo",5,0,0
"Collarina","NV","subparamo",5,0,0
"Colletotrichum","NV","subparamo",5,0,0
"Collybiopsis","NV","subparamo",5,0,0
"Colpoma","NV","subparamo",5,0,0
"Coniella","NV","subparamo",5,0,0
"Coniochaeta","NV","subparamo",5,1,1.8547570654652e-05
"Conlarium","NV","subparamo",5,0,0
"Coprinellus","NV","subparamo",5,0,0
"Coprinopsis","NV","subparamo",5,0,0
"Cora","NV","subparamo",5,0,0
"Cordyceps","NV","subparamo",5,0,0
"Cortinarius","NV","subparamo",5,0,0
"Cotylidia","NV","subparamo",5,0,0
"Crocicreas","NV","subparamo",5,1,0.000109332138231282
"Cryptocoryneum","NV","subparamo",5,0,0
"Cryptodiscus","NV","subparamo",5,0,0
"Cudoniella","NV","subparamo",5,0,0
"Curvibasidium","NV","subparamo",5,1,7.69405506012354e-06
"Cutaneotrichosporon","NV","subparamo",5,0,0
"Cyathicula","NV","subparamo",5,0,0
"Cylindrocladiella","NV","subparamo",5,0,0
"Cylindrodendrum","NV","subparamo",5,0,0
"Cylindrosympodioides","NV","subparamo",5,0,0
"Cyphellophora","NV","subparamo",5,1,0.000307580546689645
"Cyphellostereum","NV","subparamo",5,0,0
"Cystoderma","NV","subparamo",5,0,0
"Cystofilobasidium","NV","subparamo",5,1,1.46257480025407e-05
"Cystolepiota","NV","subparamo",5,0,0
"Dactylonectria","NV","subparamo",5,0,0
"Dendrochytridium","NV","subparamo",5,0,0
"Derxomyces","NV","subparamo",5,0,0
"Devriesia","NV","subparamo",5,0,0
"Diaporthe","NV","subparamo",5,0,0
"Dictyochaeta","NV","subparamo",5,0,0
"Dictyolus","NV","subparamo",5,0,0
"Dictyosporium","NV","subparamo",5,0,0
"Dinemasporium","NV","subparamo",5,0,0
"Dioszegia","NV","subparamo",5,0,0
"Dissoderma","NV","subparamo",5,0,0
"Dissophora","NV","subparamo",5,0,0
"Dominikia","NV","subparamo",5,1,0.000930197572961589
"Dothiorella","NV","subparamo",5,0,0
"Durella","NV","subparamo",5,0,0
"Endoradiciella","NV","subparamo",5,0,0
"Entoloma","NV","subparamo",5,1,1.83191787145799e-05
"Eocronartium","NV","subparamo",5,0,0
"Epicoccum","NV","subparamo",5,0,0
"Exophiala","NV","subparamo",5,3,0.00181822102390333
"Farysia","NV","subparamo",5,0,0
"Fellhanera","NV","subparamo",5,0,0
"Fellozyma","NV","subparamo",5,0,0
"Filobasidium","NV","subparamo",5,0,0
"Flagelloscypha","NV","subparamo",5,0,0
"Flavocillium","NV","subparamo",5,0,0
"Flexuomyces","NV","subparamo",5,0,0
"Fulvoflamma","NV","subparamo",5,0,0
"Funiliomyces","NV","subparamo",5,0,0
"Fusarium","NV","subparamo",5,0,0
"Fusidium","NV","subparamo",5,0,0
"Galerina","NV","subparamo",5,0,0
"Genolevuria","NV","subparamo",5,0,0
"Geoglossum","NV","subparamo",5,2,0.00110748976499692
"Glomerobolus","NV","subparamo",5,0,0
"Glomus","NV","subparamo",5,0,0
"Glutinoglossum","NV","subparamo",5,2,0.00203127847880397
"Gorgomyces","NV","subparamo",5,0,0
"Gremmenia","NV","subparamo",5,0,0
"Gryganskiella","NV","subparamo",5,0,0
"Gymnopilus","NV","subparamo",5,0,0
"Gymnopus","NV","subparamo",5,0,0
"Gyoerffyella","NV","subparamo",5,0,0
"Gyromitra","NV","subparamo",5,0,0
"Hannaella","NV","subparamo",5,0,0
"Hansfordia","NV","subparamo",5,0,0
"Haptocillium","NV","subparamo",5,0,0
"Harknessia","NV","subparamo",5,0,0
"Helicoon","NV","subparamo",5,0,0
"Helicosporium","NV","subparamo",5,0,0
"Hemibeltrania","NV","subparamo",5,0,0
"Henningsia","NV","subparamo",5,0,0
"Hyalorbilia","NV","subparamo",5,1,0.000147931020313121
"Hyaloscypha","NV","subparamo",5,2,9.95490495440815e-05
"Hygrocybe","NV","subparamo",5,0,0
"Hyphodontia","NV","subparamo",5,0,0
"Hypochnicium","NV","subparamo",5,0,0
"Ilyonectria","NV","subparamo",5,1,0.000304080430643637
"Infundichalara","NV","subparamo",5,0,0
"Jalapriya","NV","subparamo",5,0,0
"Juncaceicola","NV","subparamo",5,0,0
"Knufia","NV","subparamo",5,1,3.66383574291597e-06
"Kockovaella","NV","subparamo",5,0,0
"Krasilnikovozyma","NV","subparamo",5,0,0
"Kurtzmanomyces","NV","subparamo",5,0,0
"Laburnicola","NV","subparamo",5,0,0
"Lachnellula","NV","subparamo",5,0,0
"Lachnum","NV","subparamo",5,1,0.0447648179721191
"Lapidomyces","NV","subparamo",5,0,0
"Lecanicillium","NV","subparamo",5,0,0
"Lecophagus","NV","subparamo",5,0,0
"Leohumicola","NV","subparamo",5,1,0.000427907598702905
"Leptobacillium","NV","subparamo",5,0,0
"Leptodontidium","NV","subparamo",5,0,0
"Leucosporidium","NV","subparamo",5,0,0
"Liangia","NV","subparamo",5,0,0
"Libkindia","NV","subparamo",5,0,0
"Linnemannia","NV","subparamo",5,2,0.000365271604862853
"Lithohypha","NV","subparamo",5,1,0.000134233703617461
"Luellia","NV","subparamo",5,1,6.89481952809885e-05
"Lunasporangiospora","NV","subparamo",5,0,0
"Maasoglossum","NV","subparamo",5,0,0
"Malassezia","NV","subparamo",5,0,0
"Marasmiellus","NV","subparamo",5,0,0
"Marchantiana","NV","subparamo",5,0,0
"Mariannaea","NV","subparamo",5,0,0
"Martininia","NV","subparamo",5,0,0
"Megalaria","NV","subparamo",5,0,0
"Melanconiella","NV","subparamo",5,0,0
"Metapochonia","NV","subparamo",5,0,0
"Metarhizium","NV","subparamo",5,0,0
"Micarea","NV","subparamo",5,0,0
"Microcera","NV","subparamo",5,0,0
"Microdochium","NV","subparamo",5,3,0.000943003869663691
"Microscypha","NV","subparamo",5,1,0.00260718551465901
"Mollisia","NV","subparamo",5,0,0
"Morchella","NV","subparamo",5,2,0.00082742761715703
"Mortierella","NV","subparamo",5,2,0.000125458260562753
"Mucor","NV","subparamo",5,0,0
"Mycena","NV","subparamo",5,4,0.00433214619715575
"Myrmecridium","NV","subparamo",5,1,0.000117005984020326
"Naganishia","NV","subparamo",5,0,0
"Nagrajchalara","NV","subparamo",5,0,0
"Nakataea","NV","subparamo",5,0,0
"Nectriopsis","NV","subparamo",5,0,0
"Neoascochyta","NV","subparamo",5,0,0
"Neochalara","NV","subparamo",5,1,8.48293384147361e-05
"Neocoleroa","NV","subparamo",5,0,0
"Neofabraea","NV","subparamo",5,0,0
"Neokalmusia","NV","subparamo",5,0,0
"Neonectria","NV","subparamo",5,1,0.000325996137356692
"Neophaeomoniella","NV","subparamo",5,0,0
"Neophaeosphaeria","NV","subparamo",5,0,0
"Neopyrenochaeta","NV","subparamo",5,0,0
"Neosorocybe","NV","subparamo",5,0,0
"Neovaginatispora","NV","subparamo",5,0,0
"Neptunomyces","NV","subparamo",5,0,0
"Nigrograna","NV","subparamo",5,0,0
"Nigrospora","NV","subparamo",5,0,0
"Normandina","NV","subparamo",5,0,0
"Obeliospora","NV","subparamo",5,0,0
"Occultifur","NV","subparamo",5,0,0
"Occultitheca","NV","subparamo",5,0,0
"Oidiodendron","NV","subparamo",5,0,0
"Oliveonia","NV","subparamo",5,0,0
"Ophiocordyceps","NV","subparamo",5,0,0
"Orbilia","NV","subparamo",5,0,0
"Ovicillium","NV","subparamo",5,0,0
"Papiliotrema","NV","subparamo",5,0,0
"Paraphaeosphaeria","NV","subparamo",5,0,0
"Pectenia","NV","subparamo",5,0,0
"Pellidiscus","NV","subparamo",5,0,0
"Penicillium","NV","subparamo",5,0,0
"Peniophorella","NV","subparamo",5,0,0
"Periconia","NV","subparamo",5,0,0
"Pestalotiopsis","NV","subparamo",5,2,0.000221664000511652
"Pezicula","NV","subparamo",5,0,0
"Pezizellaster","NV","subparamo",5,1,0.00259975070883614
"Pezoloma","NV","subparamo",5,2,0.00579206791274957
"Phaeosphaeria","NV","subparamo",5,0,0
"Phaeotremella","NV","subparamo",5,0,0
"Phialocephala","NV","subparamo",5,0,0
"Pholiota","NV","subparamo",5,0,0
"Phylloscypha","NV","subparamo",5,0,0
"Pilidium","NV","subparamo",5,0,0
"Piptocephalis","NV","subparamo",5,0,0
"Piskurozyma","NV","subparamo",5,1,3.59055902805765e-05
"Placynthiella","NV","subparamo",5,0,0
"Plectosphaerella","NV","subparamo",5,0,0
"Pleuroascus","NV","subparamo",5,0,0
"Pochonia","NV","subparamo",5,0,0
"Podila","NV","subparamo",5,0,0
"Podospora","NV","subparamo",5,0,0
"Polydesmia","NV","subparamo",5,0,0
"Polylobatispora","NV","subparamo",5,1,0.000123275850260934
"Polyscytalum","NV","subparamo",5,0,0
"Porpidia","NV","subparamo",5,0,0
"Preussia","NV","subparamo",5,0,0
"Protomerulius","NV","subparamo",5,0,0
"Psathyrella","NV","subparamo",5,0,0
"Pseudoanungitea","NV","subparamo",5,1,7.89790392137198e-05
"Pseudoarthrographis","NV","subparamo",5,0,0
"Pseudocercospora","NV","subparamo",5,0,0
"Pseudocladosporium","NV","subparamo",5,0,0
"Pseudoconlarium","NV","subparamo",5,0,0
"Pseudodactylaria","NV","subparamo",5,0,0
"Pseudogymnoascus","NV","subparamo",5,0,0
"Pseudohelotium","NV","subparamo",5,0,0
"Pseudopenidiella","NV","subparamo",5,0,0
"Pseudophialocephala","NV","subparamo",5,0,0
"Pseudophialophora","NV","subparamo",5,0,0
"Pseudoplectania","NV","subparamo",5,0,0
"Pseudorobillarda","NV","subparamo",5,0,0
"Pseudosigmoidea","NV","subparamo",5,0,0
"Psilocybe","NV","subparamo",5,0,0
"Psoroglaena","NV","subparamo",5,0,0
"Puccinia","NV","subparamo",5,0,0
"Pycnora","NV","subparamo",5,0,0
"Pyrenochaetopsis","NV","subparamo",5,0,0
"Rachicladosporium","NV","subparamo",5,0,0
"Ramariopsis","NV","subparamo",5,1,0.000427489720188547
"Ramicandelaber","NV","subparamo",5,0,0
"Ramichloridium","NV","subparamo",5,0,0
"Recurvomyces","NV","subparamo",5,0,0
"Renatobasidium","NV","subparamo",5,0,0
"Rhexocercosporidium","NV","subparamo",5,1,0.000754750163040691
"Rhexodenticula","NV","subparamo",5,0,0
"Rhizoglomus","NV","subparamo",5,0,0
"Rhizophagus","NV","subparamo",5,0,0
"Rhodosporidiobolus","NV","subparamo",5,0,0
"Rhodotorula","NV","subparamo",5,1,4.17878514358306e-05
"Rickenella","NV","subparamo",5,0,0
"Saitozyma","NV","subparamo",5,0,0
"Sakaguchia","NV","subparamo",5,0,0
"Sarcoleotia","NV","subparamo",5,0,0
"Sarcopodium","NV","subparamo",5,0,0
"Sarocladium","NV","subparamo",5,0,0
"Sawadaea","NV","subparamo",5,0,0
"Schizothecium","NV","subparamo",5,0,0
"Sclerococcum","NV","subparamo",5,5,0.141231096958235
"Scutellinia","NV","subparamo",5,0,0
"Scytalidium","NV","subparamo",5,0,0
"Seiridium","NV","subparamo",5,0,0
"Septoriella","NV","subparamo",5,0,0
"Serendipita","NV","subparamo",5,5,0.0637181885589674
"Setophoma","NV","subparamo",5,0,0
"Sistotrema","NV","subparamo",5,0,0
"Slooffia","NV","subparamo",5,0,0
"Solicoccozyma","NV","subparamo",5,0,0
"Sordaria","NV","subparamo",5,0,0
"Spirosphaera","NV","subparamo",5,1,0.00230638460016561
"Sporidesmiella","NV","subparamo",5,0,0
"Stachybotrys","NV","subparamo",5,0,0
"Stagonospora","NV","subparamo",5,1,6.59490433724875e-06
"Stemphylium","NV","subparamo",5,0,0
"Sympodiella","NV","subparamo",5,2,0.000602896665383572
"Sympoventuria","NV","subparamo",5,0,0
"Taeniospora","NV","subparamo",5,0,0
"Talaromyces","NV","subparamo",5,0,0
"Tausonia","NV","subparamo",5,0,0
"Teichospora","NV","subparamo",5,0,0
"Tephrocybe","NV","subparamo",5,0,0
"Teratosphaeria","NV","subparamo",5,1,0.00052871642445245
"Terramyces","NV","subparamo",5,0,0
"Tetracladium","NV","subparamo",5,2,0.0167673276191757
"Tetraploa","NV","subparamo",5,1,1.64367800347912e-05
"Thelebolus","NV","subparamo",5,0,0
"Thoreauomyces","NV","subparamo",5,0,0
"Tilletiaria","NV","subparamo",5,0,0
"Tolypocladium","NV","subparamo",5,0,0
"Trechispora","NV","subparamo",5,1,4.72202721224885e-05
"Tremella","NV","subparamo",5,0,0
"Tricellula","NV","subparamo",5,0,0
"Trichoderma","NV","subparamo",5,0,0
"Trichomerium","NV","subparamo",5,0,0
"Triscelophorus","NV","subparamo",5,2,0.000220582697904998
"Tubaria","NV","subparamo",5,0,0
"Tulasnella","NV","subparamo",5,1,1.83191787145799e-05
"Umbelopsis","NV","subparamo",5,0,0
"Usnea","NV","subparamo",5,0,0
"Vanrija","NV","subparamo",5,0,0
"Vermiculariopsiella","NV","subparamo",5,0,0
"Verrucaria","NV","subparamo",5,0,0
"Vertexicola","NV","subparamo",5,0,0
"Verticillium","NV","subparamo",5,0,0
"Vishniacozyma","NV","subparamo",5,2,0.000411289860277392
"Volutella","NV","subparamo",5,0,0
"Wojnowiciella","NV","subparamo",5,0,0
"Xenasmatella","NV","subparamo",5,0,0
"Xenochalara","NV","subparamo",5,0,0
"Xylodon","NV","subparamo",5,2,0.000549622033225593
"Xylolentia","NV","subparamo",5,0,0
"Yamadamyces","NV","subparamo",5,0,0
"Absconditella","DOM","paramo",5,0,0
"Acanthobasidium","DOM","paramo",5,0,0
"Acaulospora","DOM","paramo",5,1,0.00154767382157408
"Acephala","DOM","paramo",5,5,0.0929844033849547
"Acidomelania","DOM","paramo",5,0,0
"Acremonium","DOM","paramo",5,0,0
"Acrodictys","DOM","paramo",5,0,0
"Acrodontium","DOM","paramo",5,0,0
"Ainoa","DOM","paramo",5,1,2.57327999625705e-05
"Alfaria","DOM","paramo",5,0,0
"Angustimassarina","DOM","paramo",5,0,0
"Apenidiella","DOM","paramo",5,0,0
"Aphanobasidium","DOM","paramo",5,0,0
"Aphanocladium","DOM","paramo",5,0,0
"Apiotrichum","DOM","paramo",5,0,0
"Apodus","DOM","paramo",5,0,0
"Arachnopeziza","DOM","paramo",5,0,0
"Archaeorhizomyces","DOM","paramo",5,3,0.00201465496402512
"Arcopilus","DOM","paramo",5,0,0
"Arrhenia","DOM","paramo",5,0,0
"Arthrinium","DOM","paramo",5,0,0
"Arthroderma","DOM","paramo",5,0,0
"Ascocoryne","DOM","paramo",5,0,0
"Aspergillus","DOM","paramo",5,0,0
"Asterostroma","DOM","paramo",5,0,0
"Athelia","DOM","paramo",5,0,0
"Athelopsis","DOM","paramo",5,2,0.0138577305100655
"Atheniella","DOM","paramo",5,0,0
"Atractospora","DOM","paramo",5,0,0
"Aureobasidium","DOM","paramo",5,0,0
"Auricularia","DOM","paramo",5,0,0
"Bandoniozyma","DOM","paramo",5,0,0
"Bannoa","DOM","paramo",5,0,0
"Basidiobolus","DOM","paramo",5,0,0
"Basidiodendron","DOM","paramo",5,0,0
"Beauveria","DOM","paramo",5,0,0
"Bimuria","DOM","paramo",5,0,0
"Bjerkandera","DOM","paramo",5,0,0
"Blastenia","DOM","paramo",5,0,0
"Botryobasidium","DOM","paramo",5,0,0
"Botrytis","DOM","paramo",5,0,0
"Brocchiosphaera","DOM","paramo",5,0,0
"Brunneochlamydosporium","DOM","paramo",5,0,0
"Bryochiton","DOM","paramo",5,0,0
"Cadophora","DOM","paramo",5,0,0
"Calophoma","DOM","paramo",5,0,0
"Calycina","DOM","paramo",5,0,0
"Calyptrozyma","DOM","paramo",5,4,0.000670343169443397
"Camarophyllopsis","DOM","paramo",5,0,0
"Camposporium","DOM","paramo",5,0,0
"Camptophora","DOM","paramo",5,2,0.000157857829348431
"Candida","DOM","paramo",5,0,0
"Capnobotryella","DOM","paramo",5,1,6.22764719488977e-05
"Capronia","DOM","paramo",5,0,0
"Carcinomyces","DOM","paramo",5,0,0
"Carlosrosaea","DOM","paramo",5,0,0
"Catenulostroma","DOM","paramo",5,1,9.46874979162082e-05
"Cephalotheca","DOM","paramo",5,0,0
"Ceratobasidium","DOM","paramo",5,0,0
"Ceriporia","DOM","paramo",5,0,0
"Chaetocapnodium","DOM","paramo",5,0,0
"Chaetosphaeria","DOM","paramo",5,1,0.00127628078177199
"Chalara","DOM","paramo",5,0,0
"Chloridium","DOM","paramo",5,1,9.69924868127523e-05
"Chromocyphella","DOM","paramo",5,0,0
"Cladia","DOM","paramo",5,0,0
"Cladophialophora","DOM","paramo",5,4,0.00801383877819612
"Cladosporium","DOM","paramo",5,0,0
"Clathrosphaerina","DOM","paramo",5,0,0
"Clathrus","DOM","paramo",5,0,0
"Clavaria","DOM","paramo",5,0,0
"Clavulinopsis","DOM","paramo",5,0,0
"Clitopilus","DOM","paramo",5,0,0
"Clohesyomyces","DOM","paramo",5,0,0
"Clonostachys","DOM","paramo",5,0,0
"Clypeosphaeria","DOM","paramo",5,0,0
"Codinaea","DOM","paramo",5,0,0
"Colacogloea","DOM","paramo",5,0,0
"Coleophoma","DOM","paramo",5,0,0
"Collarina","DOM","paramo",5,0,0
"Colletotrichum","DOM","paramo",5,0,0
"Collybiopsis","DOM","paramo",5,0,0
"Colpoma","DOM","paramo",5,1,0.000241988576715717
"Coniella","DOM","paramo",5,0,0
"Coniochaeta","DOM","paramo",5,2,0.0661632757989129
"Conlarium","DOM","paramo",5,0,0
"Coprinellus","DOM","paramo",5,0,0
"Coprinopsis","DOM","paramo",5,0,0
"Cora","DOM","paramo",5,0,0
"Cordyceps","DOM","paramo",5,0,0
"Cortinarius","DOM","paramo",5,0,0
"Cotylidia","DOM","paramo",5,0,0
"Crocicreas","DOM","paramo",5,0,0
"Cryptocoryneum","DOM","paramo",5,0,0
"Cryptodiscus","DOM","paramo",5,0,0
"Cudoniella","DOM","paramo",5,0,0
"Curvibasidium","DOM","paramo",5,1,5.22267236684051e-06
"Cutaneotrichosporon","DOM","paramo",5,0,0
"Cyathicula","DOM","paramo",5,0,0
"Cylindrocladiella","DOM","paramo",5,0,0
"Cylindrodendrum","DOM","paramo",5,0,0
"Cylindrosympodioides","DOM","paramo",5,0,0
"Cyphellophora","DOM","paramo",5,0,0
"Cyphellostereum","DOM","paramo",5,0,0
"Cystoderma","DOM","paramo",5,0,0
"Cystofilobasidium","DOM","paramo",5,0,0
"Cystolepiota","DOM","paramo",5,0,0
"Dactylonectria","DOM","paramo",5,0,0
"Dendrochytridium","DOM","paramo",5,0,0
"Derxomyces","DOM","paramo",5,0,0
"Devriesia","DOM","paramo",5,0,0
"Diaporthe","DOM","paramo",5,1,0.00010994923620371
"Dictyochaeta","DOM","paramo",5,0,0
"Dictyolus","DOM","paramo",5,0,0
"Dictyosporium","DOM","paramo",5,0,0
"Dinemasporium","DOM","paramo",5,0,0
"Dioszegia","DOM","paramo",5,1,1.26836328908984e-05
"Dissoderma","DOM","paramo",5,0,0
"Dissophora","DOM","paramo",5,0,0
"Dominikia","DOM","paramo",5,0,0
"Dothiorella","DOM","paramo",5,0,0
"Durella","DOM","paramo",5,0,0
"Endoradiciella","DOM","paramo",5,0,0
"Entoloma","DOM","paramo",5,2,0.000235728105861291
"Eocronartium","DOM","paramo",5,0,0
"Epicoccum","DOM","paramo",5,0,0
"Exophiala","DOM","paramo",5,0,0
"Farysia","DOM","paramo",5,0,0
"Fellhanera","DOM","paramo",5,0,0
"Fellozyma","DOM","paramo",5,0,0
"Filobasidium","DOM","paramo",5,0,0
"Flagelloscypha","DOM","paramo",5,0,0
"Flavocillium","DOM","paramo",5,0,0
"Flexuomyces","DOM","paramo",5,0,0
"Fulvoflamma","DOM","paramo",5,0,0
"Funiliomyces","DOM","paramo",5,2,0.000131886843157284
"Fusarium","DOM","paramo",5,0,0
"Fusidium","DOM","paramo",5,0,0
"Galerina","DOM","paramo",5,0,0
"Genolevuria","DOM","paramo",5,0,0
"Geoglossum","DOM","paramo",5,0,0
"Glomerobolus","DOM","paramo",5,0,0
"Glomus","DOM","paramo",5,0,0
"Glutinoglossum","DOM","paramo",5,0,0
"Gorgomyces","DOM","paramo",5,0,0
"Gremmenia","DOM","paramo",5,0,0
"Gryganskiella","DOM","paramo",5,2,0.00259267149299095
"Gymnopilus","DOM","paramo",5,0,0
"Gymnopus","DOM","paramo",5,0,0
"Gyoerffyella","DOM","paramo",5,3,0.000418870311326986
"Gyromitra","DOM","paramo",5,0,0
"Hannaella","DOM","paramo",5,0,0
"Hansfordia","DOM","paramo",5,0,0
"Haptocillium","DOM","paramo",5,1,2.31312610095906e-05
"Harknessia","DOM","paramo",5,0,0
"Helicoon","DOM","paramo",5,0,0
"Helicosporium","DOM","paramo",5,0,0
"Hemibeltrania","DOM","paramo",5,0,0
"Henningsia","DOM","paramo",5,0,0
"Hyalorbilia","DOM","paramo",5,0,0
"Hyaloscypha","DOM","paramo",5,0,0
"Hygrocybe","DOM","paramo",5,2,0.00123071919179353
"Hyphodontia","DOM","paramo",5,0,0
"Hypochnicium","DOM","paramo",5,0,0
"Ilyonectria","DOM","paramo",5,0,0
"Infundichalara","DOM","paramo",5,0,0
"Jalapriya","DOM","paramo",5,0,0
"Juncaceicola","DOM","paramo",5,0,0
"Knufia","DOM","paramo",5,2,6.76780993077489e-05
"Kockovaella","DOM","paramo",5,0,0
"Krasilnikovozyma","DOM","paramo",5,0,0
"Kurtzmanomyces","DOM","paramo",5,0,0
"Laburnicola","DOM","paramo",5,0,0
"Lachnellula","DOM","paramo",5,0,0
"Lachnum","DOM","paramo",5,2,0.00199991926688182
"Lapidomyces","DOM","paramo",5,0,0
"Lecanicillium","DOM","paramo",5,0,0
"Lecophagus","DOM","paramo",5,0,0
"Leohumicola","DOM","paramo",5,0,0
"Leptobacillium","DOM","paramo",5,0,0
"Leptodontidium","DOM","paramo",5,0,0
"Leucosporidium","DOM","paramo",5,0,0
"Liangia","DOM","paramo",5,0,0
"Libkindia","DOM","paramo",5,0,0
"Linnemannia","DOM","paramo",5,1,0.00022071522401595
"Lithohypha","DOM","paramo",5,0,0
"Luellia","DOM","paramo",5,0,0
"Lunasporangiospora","DOM","paramo",5,0,0
"Maasoglossum","DOM","paramo",5,0,0
"Malassezia","DOM","paramo",5,0,0
"Marasmiellus","DOM","paramo",5,0,0
"Marchantiana","DOM","paramo",5,1,9.69924868127523e-06
"Mariannaea","DOM","paramo",5,0,0
"Martininia","DOM","paramo",5,0,0
"Megalaria","DOM","paramo",5,0,0
"Melanconiella","DOM","paramo",5,0,0
"Metapochonia","DOM","paramo",5,2,0.000813645784988779
"Metarhizium","DOM","paramo",5,0,0
"Micarea","DOM","paramo",5,0,0
"Microcera","DOM","paramo",5,0,0
"Microdochium","DOM","paramo",5,0,0
"Microscypha","DOM","paramo",5,0,0
"Mollisia","DOM","paramo",5,0,0
"Morchella","DOM","paramo",5,0,0
"Mortierella","DOM","paramo",5,5,0.0011122601225068
"Mucor","DOM","paramo",5,1,4.6676935592497e-05
"Mycena","DOM","paramo",5,0,0
"Myrmecridium","DOM","paramo",5,0,0
"Naganishia","DOM","paramo",5,0,0
"Nagrajchalara","DOM","paramo",5,0,0
"Nakataea","DOM","paramo",5,0,0
"Nectriopsis","DOM","paramo",5,0,0
"Neoascochyta","DOM","paramo",5,0,0
"Neochalara","DOM","paramo",5,0,0
"Neocoleroa","DOM","paramo",5,1,8.20705657646365e-06
"Neofabraea","DOM","paramo",5,0,0
"Neokalmusia","DOM","paramo",5,0,0
"Neonectria","DOM","paramo",5,0,0
"Neophaeomoniella","DOM","paramo",5,1,1.86524013101447e-05
"Neophaeosphaeria","DOM","paramo",5,0,0
"Neopyrenochaeta","DOM","paramo",5,0,0
"Neosorocybe","DOM","paramo",5,0,0
"Neovaginatispora","DOM","paramo",5,0,0
"Neptunomyces","DOM","paramo",5,1,0.000212046650263058
"Nigrograna","DOM","paramo",5,0,0
"Nigrospora","DOM","paramo",5,1,0.000202044449778951
"Normandina","DOM","paramo",5,0,0
"Obeliospora","DOM","paramo",5,0,0
"Occultifur","DOM","paramo",5,0,0
"Occultitheca","DOM","paramo",5,0,0
"Oidiodendron","DOM","paramo",5,0,0
"Oliveonia","DOM","paramo",5,1,0.000759772957776552
"Ophiocordyceps","DOM","paramo",5,0,0
"Orbilia","DOM","paramo",5,0,0
"Ovicillium","DOM","paramo",5,0,0
"Papiliotrema","DOM","paramo",5,0,0
"Paraphaeosphaeria","DOM","paramo",5,1,0.000200710823047737
"Pectenia","DOM","paramo",5,0,0
"Pellidiscus","DOM","paramo",5,0,0
"Penicillium","DOM","paramo",5,1,0.000821514066427947
"Peniophorella","DOM","paramo",5,0,0
"Periconia","DOM","paramo",5,0,0
"Pestalotiopsis","DOM","paramo",5,3,0.00017383864896486
"Pezicula","DOM","paramo",5,2,0.0151886284092701
"Pezizellaster","DOM","paramo",5,0,0
"Pezoloma","DOM","paramo",5,1,0.000625228491916049
"Phaeosphaeria","DOM","paramo",5,0,0
"Phaeotremella","DOM","paramo",5,1,0.000185031820996635
"Phialocephala","DOM","paramo",5,0,0
"Pholiota","DOM","paramo",5,0,0
"Phylloscypha","DOM","paramo",5,0,0
"Pilidium","DOM","paramo",5,0,0
"Piptocephalis","DOM","paramo",5,0,0
"Piskurozyma","DOM","paramo",5,0,0
"Placynthiella","DOM","paramo",5,0,0
"Plectosphaerella","DOM","paramo",5,0,0
"Pleuroascus","DOM","paramo",5,0,0
"Pochonia","DOM","paramo",5,0,0
"Podila","DOM","paramo",5,0,0
"Podospora","DOM","paramo",5,1,8.95315262886944e-06
"Polydesmia","DOM","paramo",5,0,0
"Polylobatispora","DOM","paramo",5,0,0
"Polyscytalum","DOM","paramo",5,1,0.000100022004841065
"Porpidia","DOM","paramo",5,1,0.000162648939424461
"Preussia","DOM","paramo",5,2,0.000208860163858039
"Protomerulius","DOM","paramo",5,0,0
"Psathyrella","DOM","paramo",5,0,0
"Pseudoanungitea","DOM","paramo",5,0,0
"Pseudoarthrographis","DOM","paramo",5,0,0
"Pseudocercospora","DOM","paramo",5,1,4.47657631443472e-06
"Pseudocladosporium","DOM","paramo",5,1,2.49105887795591e-05
"Pseudoconlarium","DOM","paramo",5,0,0
"Pseudodactylaria","DOM","paramo",5,0,0
"Pseudogymnoascus","DOM","paramo",5,0,0
"Pseudohelotium","DOM","paramo",5,0,0
"Pseudopenidiella","DOM","paramo",5,0,0
"Pseudophialocephala","DOM","paramo",5,0,0
"Pseudophialophora","DOM","paramo",5,0,0
"Pseudoplectania","DOM","paramo",5,0,0
"Pseudorobillarda","DOM","paramo",5,0,0
"Pseudosigmoidea","DOM","paramo",5,0,0
"Psilocybe","DOM","paramo",5,0,0
"Psoroglaena","DOM","paramo",5,0,0
"Puccinia","DOM","paramo",5,0,0
"Pycnora","DOM","paramo",5,0,0
"Pyrenochaetopsis","DOM","paramo",5,0,0
"Rachicladosporium","DOM","paramo",5,0,0
"Ramariopsis","DOM","paramo",5,0,0
"Ramicandelaber","DOM","paramo",5,0,0
"Ramichloridium","DOM","paramo",5,0,0
"Recurvomyces","DOM","paramo",5,1,4.32735710395356e-05
"Renatobasidium","DOM","paramo",5,0,0
"Rhexocercosporidium","DOM","paramo",5,0,0
"Rhexodenticula","DOM","paramo",5,0,0
"Rhizoglomus","DOM","paramo",5,0,0
"Rhizophagus","DOM","paramo",5,0,0
"Rhodosporidiobolus","DOM","paramo",5,0,0
"Rhodotorula","DOM","paramo",5,0,0
"Rickenella","DOM","paramo",5,0,0
"Saitozyma","DOM","paramo",5,0,0
"Sakaguchia","DOM","paramo",5,0,0
"Sarcoleotia","DOM","paramo",5,0,0
"Sarcopodium","DOM","paramo",5,0,0
"Sarocladium","DOM","paramo",5,0,0
"Sawadaea","DOM","paramo",5,1,3.20278998594331e-05
"Schizothecium","DOM","paramo",5,0,0
"Sclerococcum","DOM","paramo",5,0,0
"Scutellinia","DOM","paramo",5,0,0
"Scytalidium","DOM","paramo",5,0,0
"Seiridium","DOM","paramo",5,0,0
"Septoriella","DOM","paramo",5,1,0.000128028166196563
"Serendipita","DOM","paramo",5,3,0.000749024323877195
"Setophoma","DOM","paramo",5,0,0
"Sistotrema","DOM","paramo",5,3,0.000117800172300723
"Slooffia","DOM","paramo",5,0,0
"Solicoccozyma","DOM","paramo",5,0,0
"Sordaria","DOM","paramo",5,1,4.98211775591182e-05
"Spirosphaera","DOM","paramo",5,0,0
"Sporidesmiella","DOM","paramo",5,0,0
"Stachybotrys","DOM","paramo",5,0,0
"Stagonospora","DOM","paramo",5,0,0
"Stemphylium","DOM","paramo",5,0,0
"Sympodiella","DOM","paramo",5,2,0.000922586300921819
"Sympoventuria","DOM","paramo",5,1,2.0890689467362e-05
"Taeniospora","DOM","paramo",5,0,0
"Talaromyces","DOM","paramo",5,0,0
"Tausonia","DOM","paramo",5,0,0
"Teichospora","DOM","paramo",5,1,0.00014234622159748
"Tephrocybe","DOM","paramo",5,0,0
"Teratosphaeria","DOM","paramo",5,0,0
"Terramyces","DOM","paramo",5,0,0
"Tetracladium","DOM","paramo",5,0,0
"Tetraploa","DOM","paramo",5,0,0
"Thelebolus","DOM","paramo",5,0,0
"Thoreauomyces","DOM","paramo",5,0,0
"Tilletiaria","DOM","paramo",5,0,0
"Tolypocladium","DOM","paramo",5,3,0.00508690117407967
"Trechispora","DOM","paramo",5,1,2.06712143338201e-05
"Tremella","DOM","paramo",5,0,0
"Tricellula","DOM","paramo",5,0,0
"Trichoderma","DOM","paramo",5,2,0.000358519324594988
"Trichomerium","DOM","paramo",5,0,0
"Triscelophorus","DOM","paramo",5,0,0
"Tubaria","DOM","paramo",5,0,0
"Tulasnella","DOM","paramo",5,0,0
"Umbelopsis","DOM","paramo",5,0,0
"Usnea","DOM","paramo",5,0,0
"Vanrija","DOM","paramo",5,0,0
"Vermiculariopsiella","DOM","paramo",5,0,0
"Verrucaria","DOM","paramo",5,0,0
"Vertexicola","DOM","paramo",5,0,0
"Verticillium","DOM","paramo",5,0,0
"Vishniacozyma","DOM","paramo",5,0,0
"Volutella","DOM","paramo",5,0,0
"Wojnowiciella","DOM","paramo",5,0,0
"Xenasmatella","DOM","paramo",5,0,0
"Xenochalara","DOM","paramo",5,0,0
"Xylodon","DOM","paramo",5,1,8.20180439696733e-05
"Xylolentia","DOM","paramo",5,0,0
"Yamadamyces","DOM","paramo",5,0,0
"Absconditella","MA","paramo",5,1,7.98191732910534e-06
"Acanthobasidium","MA","paramo",5,0,0
"Acaulospora","MA","paramo",5,0,0
"Acephala","MA","paramo",5,0,0
"Acidomelania","MA","paramo",5,0,0
"Acremonium","MA","paramo",5,0,0
"Acrodictys","MA","paramo",5,0,0
"Acrodontium","MA","paramo",5,1,0.000102690490860546
"Ainoa","MA","paramo",5,0,0
"Alfaria","MA","paramo",5,0,0
"Angustimassarina","MA","paramo",5,0,0
"Apenidiella","MA","paramo",5,0,0
"Aphanobasidium","MA","paramo",5,0,0
"Aphanocladium","MA","paramo",5,1,0.00011259704087075
"Apiotrichum","MA","paramo",5,1,4.06352154936272e-05
"Apodus","MA","paramo",5,0,0
"Arachnopeziza","MA","paramo",5,2,0.0217351650335966
"Archaeorhizomyces","MA","paramo",5,0,0
"Arcopilus","MA","paramo",5,0,0
"Arrhenia","MA","paramo",5,0,0
"Arthrinium","MA","paramo",5,0,0
"Arthroderma","MA","paramo",5,0,0
"Ascocoryne","MA","paramo",5,0,0
"Aspergillus","MA","paramo",5,0,0
"Asterostroma","MA","paramo",5,0,0
"Athelia","MA","paramo",5,1,0.00028753337440953
"Athelopsis","MA","paramo",5,2,0.00610208468259165
"Atheniella","MA","paramo",5,1,0.000818646749328526
"Atractospora","MA","paramo",5,0,0
"Aureobasidium","MA","paramo",5,0,0
"Auricularia","MA","paramo",5,0,0
"Bandoniozyma","MA","paramo",5,0,0
"Bannoa","MA","paramo",5,0,0
"Basidiobolus","MA","paramo",5,0,0
"Basidiodendron","MA","paramo",5,0,0
"Beauveria","MA","paramo",5,1,7.82305668160159e-05
"Bimuria","MA","paramo",5,0,0
"Bjerkandera","MA","paramo",5,0,0
"Blastenia","MA","paramo",5,0,0
"Botryobasidium","MA","paramo",5,0,0
"Botrytis","MA","paramo",5,0,0
"Brocchiosphaera","MA","paramo",5,0,0
"Brunneochlamydosporium","MA","paramo",5,0,0
"Bryochiton","MA","paramo",5,0,0
"Cadophora","MA","paramo",5,0,0
"Calophoma","MA","paramo",5,0,0
"Calycina","MA","paramo",5,0,0
"Calyptrozyma","MA","paramo",5,0,0
"Camarophyllopsis","MA","paramo",5,0,0
"Camposporium","MA","paramo",5,0,0
"Camptophora","MA","paramo",5,0,0
"Candida","MA","paramo",5,0,0
"Capnobotryella","MA","paramo",5,0,0
"Capronia","MA","paramo",5,3,0.0217522634432041
"Carcinomyces","MA","paramo",5,0,0
"Carlosrosaea","MA","paramo",5,0,0
"Catenulostroma","MA","paramo",5,0,0
"Cephalotheca","MA","paramo",5,3,0.00241442091610356
"Ceratobasidium","MA","paramo",5,0,0
"Ceriporia","MA","paramo",5,0,0
"Chaetocapnodium","MA","paramo",5,0,0
"Chaetosphaeria","MA","paramo",5,0,0
"Chalara","MA","paramo",5,0,0
"Chloridium","MA","paramo",5,1,0.00023547591890798
"Chromocyphella","MA","paramo",5,1,2.05380981721093e-05
"Cladia","MA","paramo",5,0,0
"Cladophialophora","MA","paramo",5,4,0.00356176814155096
"Cladosporium","MA","paramo",5,0,0
"Clathrosphaerina","MA","paramo",5,0,0
"Clathrus","MA","paramo",5,0,0
"Clavaria","MA","paramo",5,2,0.00169887361302051
"Clavulinopsis","MA","paramo",5,0,0
"Clitopilus","MA","paramo",5,0,0
"Clohesyomyces","MA","paramo",5,0,0
"Clonostachys","MA","paramo",5,0,0
"Clypeosphaeria","MA","paramo",5,0,0
"Codinaea","MA","paramo",5,0,0
"Colacogloea","MA","paramo",5,1,2.5397009683517e-05
"Coleophoma","MA","paramo",5,0,0
"Collarina","MA","paramo",5,0,0
"Colletotrichum","MA","paramo",5,0,0
"Collybiopsis","MA","paramo",5,0,0
"Colpoma","MA","paramo",5,0,0
"Coniella","MA","paramo",5,0,0
"Coniochaeta","MA","paramo",5,1,0.00765973812054872
"Conlarium","MA","paramo",5,0,0
"Coprinellus","MA","paramo",5,0,0
"Coprinopsis","MA","paramo",5,0,0
"Cora","MA","paramo",5,0,0
"Cordyceps","MA","paramo",5,0,0
"Cortinarius","MA","paramo",5,0,0
"Cotylidia","MA","paramo",5,0,0
"Crocicreas","MA","paramo",5,0,0
"Cryptocoryneum","MA","paramo",5,0,0
"Cryptodiscus","MA","paramo",5,1,0.000995661759476566
"Cudoniella","MA","paramo",5,0,0
"Curvibasidium","MA","paramo",5,0,0
"Cutaneotrichosporon","MA","paramo",5,0,0
"Cyathicula","MA","paramo",5,0,0
"Cylindrocladiella","MA","paramo",5,0,0
"Cylindrodendrum","MA","paramo",5,0,0
"Cylindrosympodioides","MA","paramo",5,0,0
"Cyphellophora","MA","paramo",5,0,0
"Cyphellostereum","MA","paramo",5,0,0
"Cystoderma","MA","paramo",5,0,0
"Cystofilobasidium","MA","paramo",5,0,0
"Cystolepiota","MA","paramo",5,0,0
"Dactylonectria","MA","paramo",5,0,0
"Dendrochytridium","MA","paramo",5,0,0
"Derxomyces","MA","paramo",5,0,0
"Devriesia","MA","paramo",5,0,0
"Diaporthe","MA","paramo",5,0,0
"Dictyochaeta","MA","paramo",5,0,0
"Dictyolus","MA","paramo",5,0,0
"Dictyosporium","MA","paramo",5,0,0
"Dinemasporium","MA","paramo",5,0,0
"Dioszegia","MA","paramo",5,0,0
"Dissoderma","MA","paramo",5,1,1.01588038734068e-05
"Dissophora","MA","paramo",5,0,0
"Dominikia","MA","paramo",5,0,0
"Dothiorella","MA","paramo",5,0,0
"Durella","MA","paramo",5,0,0
"Endoradiciella","MA","paramo",5,0,0
"Entoloma","MA","paramo",5,1,2.51021199881335e-05
"Eocronartium","MA","paramo",5,0,0
"Epicoccum","MA","paramo",5,0,0
"Exophiala","MA","paramo",5,1,9.12804363204856e-06
"Farysia","MA","paramo",5,0,0
"Fellhanera","MA","paramo",5,0,0
"Fellozyma","MA","paramo",5,0,0
"Filobasidium","MA","paramo",5,1,5.0794019367034e-06
"Flagelloscypha","MA","paramo",5,0,0
"Flavocillium","MA","paramo",5,0,0
"Flexuomyces","MA","paramo",5,0,0
"Fulvoflamma","MA","paramo",5,0,0
"Funiliomyces","MA","paramo",5,0,0
"Fusarium","MA","paramo",5,0,0
"Fusidium","MA","paramo",5,0,0
"Galerina","MA","paramo",5,0,0
"Genolevuria","MA","paramo",5,1,1.97538668194299e-05
"Geoglossum","MA","paramo",5,0,0
"Glomerobolus","MA","paramo",5,0,0
"Glomus","MA","paramo",5,0,0
"Glutinoglossum","MA","paramo",5,0,0
"Gorgomyces","MA","paramo",5,0,0
"Gremmenia","MA","paramo",5,0,0
"Gryganskiella","MA","paramo",5,0,0
"Gymnopilus","MA","paramo",5,0,0
"Gymnopus","MA","paramo",5,0,0
"Gyoerffyella","MA","paramo",5,0,0
"Gyromitra","MA","paramo",5,0,0
"Hannaella","MA","paramo",5,0,0
"Hansfordia","MA","paramo",5,0,0
"Haptocillium","MA","paramo",5,0,0
"Harknessia","MA","paramo",5,0,0
"Helicoon","MA","paramo",5,3,0.000405565183012736
"Helicosporium","MA","paramo",5,0,0
"Hemibeltrania","MA","paramo",5,1,5.02042399762671e-05
"Henningsia","MA","paramo",5,0,0
"Hyalorbilia","MA","paramo",5,0,0
"Hyaloscypha","MA","paramo",5,4,0.0871062593327878
"Hygrocybe","MA","paramo",5,0,0
"Hyphodontia","MA","paramo",5,0,0
"Hypochnicium","MA","paramo",5,0,0
"Ilyonectria","MA","paramo",5,1,0.000334257876395704
"Infundichalara","MA","paramo",5,0,0
"Jalapriya","MA","paramo",5,0,0
"Juncaceicola","MA","paramo",5,0,0
"Knufia","MA","paramo",5,0,0
"Kockovaella","MA","paramo",5,0,0
"Krasilnikovozyma","MA","paramo",5,0,0
"Kurtzmanomyces","MA","paramo",5,0,0
"Laburnicola","MA","paramo",5,0,0
"Lachnellula","MA","paramo",5,0,0
"Lachnum","MA","paramo",5,0,0
"Lapidomyces","MA","paramo",5,0,0
"Lecanicillium","MA","paramo",5,0,0
"Lecophagus","MA","paramo",5,0,0
"Leohumicola","MA","paramo",5,0,0
"Leptobacillium","MA","paramo",5,2,2.15688584134675e-05
"Leptodontidium","MA","paramo",5,0,0
"Leucosporidium","MA","paramo",5,0,0
"Liangia","MA","paramo",5,0,0
"Libkindia","MA","paramo",5,0,0
"Linnemannia","MA","paramo",5,1,1.36920654480728e-05
"Lithohypha","MA","paramo",5,0,0
"Luellia","MA","paramo",5,2,0.0217994961889888
"Lunasporangiospora","MA","paramo",5,0,0
"Maasoglossum","MA","paramo",5,0,0
"Malassezia","MA","paramo",5,0,0
"Marasmiellus","MA","paramo",5,0,0
"Marchantiana","MA","paramo",5,0,0
"Mariannaea","MA","paramo",5,0,0
"Martininia","MA","paramo",5,0,0
"Megalaria","MA","paramo",5,0,0
"Melanconiella","MA","paramo",5,0,0
"Metapochonia","MA","paramo",5,1,2.5397009683517e-05
"Metarhizium","MA","paramo",5,0,0
"Micarea","MA","paramo",5,0,0
"Microcera","MA","paramo",5,0,0
"Microdochium","MA","paramo",5,1,2.51021199881335e-05
"Microscypha","MA","paramo",5,0,0
"Mollisia","MA","paramo",5,2,8.7761478678517e-05
"Morchella","MA","paramo",5,0,0
"Mortierella","MA","paramo",5,5,0.0007540248032354
"Mucor","MA","paramo",5,0,0
"Mycena","MA","paramo",5,1,0.000158912717734006
"Myrmecridium","MA","paramo",5,0,0
"Naganishia","MA","paramo",5,0,0
"Nagrajchalara","MA","paramo",5,0,0
"Nakataea","MA","paramo",5,0,0
"Nectriopsis","MA","paramo",5,0,0
"Neoascochyta","MA","paramo",5,0,0
"Neochalara","MA","paramo",5,0,0
"Neocoleroa","MA","paramo",5,0,0
"Neofabraea","MA","paramo",5,0,0
"Neokalmusia","MA","paramo",5,0,0
"Neonectria","MA","paramo",5,0,0
"Neophaeomoniella","MA","paramo",5,0,0
"Neophaeosphaeria","MA","paramo",5,0,0
"Neopyrenochaeta","MA","paramo",5,0,0
"Neosorocybe","MA","paramo",5,1,1.08844327215073e-05
"Neovaginatispora","MA","paramo",5,0,0
"Neptunomyces","MA","paramo",5,0,0
"Nigrograna","MA","paramo",5,0,0
"Nigrospora","MA","paramo",5,0,0
"Normandina","MA","paramo",5,0,0
"Obeliospora","MA","paramo",5,0,0
"Occultifur","MA","paramo",5,0,0
"Occultitheca","MA","paramo",5,0,0
"Oidiodendron","MA","paramo",5,1,0.000120901785079297
"Oliveonia","MA","paramo",5,1,0.000109569956063173
"Ophiocordyceps","MA","paramo",5,0,0
"Orbilia","MA","paramo",5,0,0
"Ovicillium","MA","paramo",5,0,0
"Papiliotrema","MA","paramo",5,0,0
"Paraphaeosphaeria","MA","paramo",5,0,0
"Pectenia","MA","paramo",5,0,0
"Pellidiscus","MA","paramo",5,0,0
"Penicillium","MA","paramo",5,2,3.87653309039343e-05
"Peniophorella","MA","paramo",5,0,0
"Periconia","MA","paramo",5,0,0
"Pestalotiopsis","MA","paramo",5,0,0
"Pezicula","MA","paramo",5,1,0.0137293498657051
"Pezizellaster","MA","paramo",5,0,0
"Pezoloma","MA","paramo",5,0,0
"Phaeosphaeria","MA","paramo",5,0,0
"Phaeotremella","MA","paramo",5,2,0.000117822263211754
"Phialocephala","MA","paramo",5,1,0.00790839911812816
"Pholiota","MA","paramo",5,0,0
"Phylloscypha","MA","paramo",5,0,0
"Pilidium","MA","paramo",5,0,0
"Piptocephalis","MA","paramo",5,0,0
"Piskurozyma","MA","paramo",5,2,5.76484548413719e-05
"Placynthiella","MA","paramo",5,1,0.000218919018359763
"Plectosphaerella","MA","paramo",5,0,0
"Pleuroascus","MA","paramo",5,0,0
"Pochonia","MA","paramo",5,0,0
"Podila","MA","paramo",5,0,0
"Podospora","MA","paramo",5,0,0
"Polydesmia","MA","paramo",5,1,0.00284060604863402
"Polylobatispora","MA","paramo",5,0,0
"Polyscytalum","MA","paramo",5,1,0.00540520928950051
"Porpidia","MA","paramo",5,0,0
"Preussia","MA","paramo",5,0,0
"Protomerulius","MA","paramo",5,0,0
"Psathyrella","MA","paramo",5,0,0
"Pseudoanungitea","MA","paramo",5,0,0
"Pseudoarthrographis","MA","paramo",5,0,0
"Pseudocercospora","MA","paramo",5,0,0
"Pseudocladosporium","MA","paramo",5,0,0
"Pseudoconlarium","MA","paramo",5,0,0
"Pseudodactylaria","MA","paramo",5,0,0
"Pseudogymnoascus","MA","paramo",5,0,0
"Pseudohelotium","MA","paramo",5,0,0
"Pseudopenidiella","MA","paramo",5,1,3.55569602749738e-05
"Pseudophialocephala","MA","paramo",5,0,0
"Pseudophialophora","MA","paramo",5,0,0
"Pseudoplectania","MA","paramo",5,0,0
"Pseudorobillarda","MA","paramo",5,0,0
"Pseudosigmoidea","MA","paramo",5,0,0
"Psilocybe","MA","paramo",5,0,0
"Psoroglaena","MA","paramo",5,0,0
"Puccinia","MA","paramo",5,0,0
"Pycnora","MA","paramo",5,1,1.59638346582107e-05
"Pyrenochaetopsis","MA","paramo",5,0,0
"Rachicladosporium","MA","paramo",5,0,0
"Ramariopsis","MA","paramo",5,1,0.000757627621460031
"Ramicandelaber","MA","paramo",5,0,0
"Ramichloridium","MA","paramo",5,0,0
"Recurvomyces","MA","paramo",5,0,0
"Renatobasidium","MA","paramo",5,0,0
"Rhexocercosporidium","MA","paramo",5,0,0
"Rhexodenticula","MA","paramo",5,0,0
"Rhizoglomus","MA","paramo",5,0,0
"Rhizophagus","MA","paramo",5,0,0
"Rhodosporidiobolus","MA","paramo",5,0,0
"Rhodotorula","MA","paramo",5,0,0
"Rickenella","MA","paramo",5,0,0
"Saitozyma","MA","paramo",5,0,0
"Sakaguchia","MA","paramo",5,0,0
"Sarcoleotia","MA","paramo",5,0,0
"Sarcopodium","MA","paramo",5,0,0
"Sarocladium","MA","paramo",5,0,0
"Sawadaea","MA","paramo",5,0,0
"Schizothecium","MA","paramo",5,0,0
"Sclerococcum","MA","paramo",5,0,0
"Scutellinia","MA","paramo",5,0,0
"Scytalidium","MA","paramo",5,0,0
"Seiridium","MA","paramo",5,0,0
"Septoriella","MA","paramo",5,0,0
"Serendipita","MA","paramo",5,2,0.00036798166306708
"Setophoma","MA","paramo",5,0,0
"Sistotrema","MA","paramo",5,1,0.000846808865733266
"Slooffia","MA","paramo",5,0,0
"Solicoccozyma","MA","paramo",5,0,0
"Sordaria","MA","paramo",5,0,0
"Spirosphaera","MA","paramo",5,0,0
"Sporidesmiella","MA","paramo",5,0,0
"Stachybotrys","MA","paramo",5,0,0
"Stagonospora","MA","paramo",5,0,0
"Stemphylium","MA","paramo",5,1,3.42301636201821e-05
"Sympodiella","MA","paramo",5,2,4.59453495535005e-05
"Sympoventuria","MA","paramo",5,0,0
"Taeniospora","MA","paramo",5,0,0
"Talaromyces","MA","paramo",5,0,0
"Tausonia","MA","paramo",5,0,0
"Teichospora","MA","paramo",5,0,0
"Tephrocybe","MA","paramo",5,0,0
"Teratosphaeria","MA","paramo",5,0,0
"Terramyces","MA","paramo",5,0,0
"Tetracladium","MA","paramo",5,0,0
"Tetraploa","MA","paramo",5,0,0
"Thelebolus","MA","paramo",5,0,0
"Thoreauomyces","MA","paramo",5,0,0
"Tilletiaria","MA","paramo",5,0,0
"Tolypocladium","MA","paramo",5,4,0.000831098518508887
"Trechispora","MA","paramo",5,2,0.000131315630725472
"Tremella","MA","paramo",5,0,0
"Tricellula","MA","paramo",5,0,0
"Trichoderma","MA","paramo",5,1,4.86171328227325e-05
"Trichomerium","MA","paramo",5,0,0
"Triscelophorus","MA","paramo",5,0,0
"Tubaria","MA","paramo",5,0,0
"Tulasnella","MA","paramo",5,0,0
"Umbelopsis","MA","paramo",5,1,3.91839577974262e-05
"Usnea","MA","paramo",5,0,0
"Vanrija","MA","paramo",5,0,0
"Vermiculariopsiella","MA","paramo",5,0,0
"Verrucaria","MA","paramo",5,0,0
"Vertexicola","MA","paramo",5,0,0
"Verticillium","MA","paramo",5,0,0
"Vishniacozyma","MA","paramo",5,0,0
"Volutella","MA","paramo",5,0,0
"Wojnowiciella","MA","paramo",5,0,0
"Xenasmatella","MA","paramo",5,1,0.000348481615816798
"Xenochalara","MA","paramo",5,0,0
"Xylodon","MA","paramo",5,0,0
"Xylolentia","MA","paramo",5,0,0
"Yamadamyces","MA","paramo",5,0,0
"Absconditella","NV","paramo",5,0,0
"Acanthobasidium","NV","paramo",5,0,0
"Acaulospora","NV","paramo",5,2,0.00099707729178038
"Acephala","NV","paramo",5,0,0
"Acidomelania","NV","paramo",5,0,0
"Acremonium","NV","paramo",5,0,0
"Acrodictys","NV","paramo",5,0,0
"Acrodontium","NV","paramo",5,0,0
"Ainoa","NV","paramo",5,0,0
"Alfaria","NV","paramo",5,0,0
"Angustimassarina","NV","paramo",5,0,0
"Apenidiella","NV","paramo",5,0,0
"Aphanobasidium","NV","paramo",5,1,7.29243213830939e-06
"Aphanocladium","NV","paramo",5,0,0
"Apiotrichum","NV","paramo",5,0,0
"Apodus","NV","paramo",5,0,0
"Arachnopeziza","NV","paramo",5,1,9.53625741163536e-05
"Archaeorhizomyces","NV","paramo",5,1,9.06202388976048e-06
"Arcopilus","NV","paramo",5,0,0
"Arrhenia","NV","paramo",5,0,0
"Arthrinium","NV","paramo",5,0,0
"Arthroderma","NV","paramo",5,0,0
"Ascocoryne","NV","paramo",5,0,0
"Aspergillus","NV","paramo",5,0,0
"Asterostroma","NV","paramo",5,0,0
"Athelia","NV","paramo",5,0,0
"Athelopsis","NV","paramo",5,1,5.77704022972231e-05
"Atheniella","NV","paramo",5,0,0
"Atractospora","NV","paramo",5,0,0
"Aureobasidium","NV","paramo",5,0,0
"Auricularia","NV","paramo",5,0,0
"Bandoniozyma","NV","paramo",5,0,0
"Bannoa","NV","paramo",5,0,0
"Basidiobolus","NV","paramo",5,0,0
"Basidiodendron","NV","paramo",5,1,2.80742470252996e-05
"Beauveria","NV","paramo",5,0,0
"Bimuria","NV","paramo",5,0,0
"Bjerkandera","NV","paramo",5,0,0
"Blastenia","NV","paramo",5,0,0
"Botryobasidium","NV","paramo",5,0,0
"Botrytis","NV","paramo",5,0,0
"Brocchiosphaera","NV","paramo",5,0,0
"Brunneochlamydosporium","NV","paramo",5,0,0
"Bryochiton","NV","paramo",5,0,0
"Cadophora","NV","paramo",5,0,0
"Calophoma","NV","paramo",5,0,0
"Calycina","NV","paramo",5,0,0
"Calyptrozyma","NV","paramo",5,0,0
"Camarophyllopsis","NV","paramo",5,0,0
"Camposporium","NV","paramo",5,1,0.000347584776347417
"Camptophora","NV","paramo",5,0,0
"Candida","NV","paramo",5,1,1.40371235126498e-06
"Capnobotryella","NV","paramo",5,0,0
"Capronia","NV","paramo",5,2,0.000248197116769117
"Carcinomyces","NV","paramo",5,0,0
"Carlosrosaea","NV","paramo",5,0,0
"Catenulostroma","NV","paramo",5,0,0
"Cephalotheca","NV","paramo",5,2,0.00245855087732534
"Ceratobasidium","NV","paramo",5,0,0
"Ceriporia","NV","paramo",5,0,0
"Chaetocapnodium","NV","paramo",5,0,0
"Chaetosphaeria","NV","paramo",5,1,0.000129133840429087
"Chalara","NV","paramo",5,0,0
"Chloridium","NV","paramo",5,1,1.68286895499447e-06
"Chromocyphella","NV","paramo",5,0,0
"Cladia","NV","paramo",5,0,0
"Cladophialophora","NV","paramo",5,5,0.00139946399096508
"Cladosporium","NV","paramo",5,1,7.18232819730581e-05
"Clathrosphaerina","NV","paramo",5,0,0
"Clathrus","NV","paramo",5,0,0
"Clavaria","NV","paramo",5,0,0
"Clavulinopsis","NV","paramo",5,2,4.53434826828662e-05
"Clitopilus","NV","paramo",5,0,0
"Clohesyomyces","NV","paramo",5,0,0
"Clonostachys","NV","paramo",5,1,6.72744728414355e-05
"Clypeosphaeria","NV","paramo",5,0,0
"Codinaea","NV","paramo",5,0,0
"Colacogloea","NV","paramo",5,0,0
"Coleophoma","NV","paramo",5,0,0
"Collarina","NV","paramo",5,0,0
"Colletotrichum","NV","paramo",5,0,0
"Collybiopsis","NV","paramo",5,0,0
"Colpoma","NV","paramo",5,0,0
"Coniella","NV","paramo",5,0,0
"Coniochaeta","NV","paramo",5,1,0.00137969313721603
"Conlarium","NV","paramo",5,3,0.000323065347298546
"Coprinellus","NV","paramo",5,0,0
"Coprinopsis","NV","paramo",5,0,0
"Cora","NV","paramo",5,2,0.00568840076053315
"Cordyceps","NV","paramo",5,0,0
"Cortinarius","NV","paramo",5,0,0
"Cotylidia","NV","paramo",5,0,0
"Crocicreas","NV","paramo",5,0,0
"Cryptocoryneum","NV","paramo",5,0,0
"Cryptodiscus","NV","paramo",5,0,0
"Cudoniella","NV","paramo",5,0,0
"Curvibasidium","NV","paramo",5,0,0
"Cutaneotrichosporon","NV","paramo",5,0,0
"Cyathicula","NV","paramo",5,0,0
"Cylindrocladiella","NV","paramo",5,0,0
"Cylindrodendrum","NV","paramo",5,0,0
"Cylindrosympodioides","NV","paramo",5,0,0
"Cyphellophora","NV","paramo",5,0,0
"Cyphellostereum","NV","paramo",5,0,0
"Cystoderma","NV","paramo",5,0,0
"Cystofilobasidium","NV","paramo",5,0,0
"Cystolepiota","NV","paramo",5,0,0
"Dactylonectria","NV","paramo",5,0,0
"Dendrochytridium","NV","paramo",5,1,2.64365826154904e-05
"Derxomyces","NV","paramo",5,0,0
"Devriesia","NV","paramo",5,0,0
"Diaporthe","NV","paramo",5,0,0
"Dictyochaeta","NV","paramo",5,3,7.44432976524988e-05
"Dictyolus","NV","paramo",5,0,0
"Dictyosporium","NV","paramo",5,0,0
"Dinemasporium","NV","paramo",5,0,0
"Dioszegia","NV","paramo",5,1,1.63766440980914e-06
"Dissoderma","NV","paramo",5,0,0
"Dissophora","NV","paramo",5,2,0.000932339179562924
"Dominikia","NV","paramo",5,0,0
"Dothiorella","NV","paramo",5,0,0
"Durella","NV","paramo",5,0,0
"Endoradiciella","NV","paramo",5,0,0
"Entoloma","NV","paramo",5,2,5.03587263137858e-05
"Eocronartium","NV","paramo",5,0,0
"Epicoccum","NV","paramo",5,0,0
"Exophiala","NV","paramo",5,1,2.29992090515912e-05
"Farysia","NV","paramo",5,0,0
"Fellhanera","NV","paramo",5,0,0
"Fellozyma","NV","paramo",5,0,0
"Filobasidium","NV","paramo",5,0,0
"Flagelloscypha","NV","paramo",5,0,0
"Flavocillium","NV","paramo",5,0,0
"Flexuomyces","NV","paramo",5,0,0
"Fulvoflamma","NV","paramo",5,0,0
"Funiliomyces","NV","paramo",5,0,0
"Fusarium","NV","paramo",5,1,1.1463650868664e-05
"Fusidium","NV","paramo",5,0,0
"Galerina","NV","paramo",5,1,2.66569990616736e-05
"Genolevuria","NV","paramo",5,1,3.08341333856579e-05
"Geoglossum","NV","paramo",5,0,0
"Glomerobolus","NV","paramo",5,0,0
"Glomus","NV","paramo",5,0,0
"Glutinoglossum","NV","paramo",5,0,0
"Gorgomyces","NV","paramo",5,0,0
"Gremmenia","NV","paramo",5,0,0
"Gryganskiella","NV","paramo",5,0,0
"Gymnopilus","NV","paramo",5,0,0
"Gymnopus","NV","paramo",5,0,0
"Gyoerffyella","NV","paramo",5,1,6.56996732007635e-05
"Gyromitra","NV","paramo",5,0,0
"Hannaella","NV","paramo",5,0,0
"Hansfordia","NV","paramo",5,0,0
"Haptocillium","NV","paramo",5,5,0.000583279713313657
"Harknessia","NV","paramo",5,0,0
"Helicoon","NV","paramo",5,0,0
"Helicosporium","NV","paramo",5,0,0
"Hemibeltrania","NV","paramo",5,1,0.000512714074954983
"Henningsia","NV","paramo",5,0,0
"Hyalorbilia","NV","paramo",5,0,0
"Hyaloscypha","NV","paramo",5,2,0.00570897067507771
"Hygrocybe","NV","paramo",5,1,3.05843306279416e-05
"Hyphodontia","NV","paramo",5,0,0
"Hypochnicium","NV","paramo",5,0,0
"Ilyonectria","NV","paramo",5,2,0.000944639964469441
"Infundichalara","NV","paramo",5,0,0
"Jalapriya","NV","paramo",5,0,0
"Juncaceicola","NV","paramo",5,0,0
"Knufia","NV","paramo",5,0,0
"Kockovaella","NV","paramo",5,0,0
"Krasilnikovozyma","NV","paramo",5,0,0
"Kurtzmanomyces","NV","paramo",5,1,1.56747879224589e-05
"Laburnicola","NV","paramo",5,0,0
"Lachnellula","NV","paramo",5,1,1.79506021866077e-05
"Lachnum","NV","paramo",5,1,1.24602828484207e-05
"Lapidomyces","NV","paramo",5,0,0
"Lecanicillium","NV","paramo",5,0,0
"Lecophagus","NV","paramo",5,0,0
"Leohumicola","NV","paramo",5,2,0.0802840041281104
"Leptobacillium","NV","paramo",5,2,8.39326073402427e-05
"Leptodontidium","NV","paramo",5,0,0
"Leucosporidium","NV","paramo",5,0,0
"Liangia","NV","paramo",5,0,0
"Libkindia","NV","paramo",5,0,0
"Linnemannia","NV","paramo",5,0,0
"Lithohypha","NV","paramo",5,0,0
"Luellia","NV","paramo",5,0,0
"Lunasporangiospora","NV","paramo",5,0,0
"Maasoglossum","NV","paramo",5,0,0
"Malassezia","NV","paramo",5,0,0
"Marasmiellus","NV","paramo",5,0,0
"Marchantiana","NV","paramo",5,0,0
"Mariannaea","NV","paramo",5,1,3.78418909733075e-05
"Martininia","NV","paramo",5,1,8.97530109330387e-06
"Megalaria","NV","paramo",5,0,0
"Melanconiella","NV","paramo",5,0,0
"Metapochonia","NV","paramo",5,1,4.93641560131713e-05
"Metarhizium","NV","paramo",5,0,0
"Micarea","NV","paramo",5,0,0
"Microcera","NV","paramo",5,0,0
"Microdochium","NV","paramo",5,1,2.33952058544163e-05
"Microscypha","NV","paramo",5,0,0
"Mollisia","NV","paramo",5,1,0.00110331790809427
"Morchella","NV","paramo",5,0,0
"Mortierella","NV","paramo",5,2,0.000238051641620607
"Mucor","NV","paramo",5,0,0
"Mycena","NV","paramo",5,2,0.00010980687299399
"Myrmecridium","NV","paramo",5,0,0
"Naganishia","NV","paramo",5,0,0
"Nagrajchalara","NV","paramo",5,0,0
"Nakataea","NV","paramo",5,0,0
"Nectriopsis","NV","paramo",5,0,0
"Neoascochyta","NV","paramo",5,0,0
"Neochalara","NV","paramo",5,0,0
"Neocoleroa","NV","paramo",5,0,0
"Neofabraea","NV","paramo",5,0,0
"Neokalmusia","NV","paramo",5,0,0
"Neonectria","NV","paramo",5,0,0
"Neophaeomoniella","NV","paramo",5,0,0
"Neophaeosphaeria","NV","paramo",5,0,0
"Neopyrenochaeta","NV","paramo",5,0,0
"Neosorocybe","NV","paramo",5,0,0
"Neovaginatispora","NV","paramo",5,0,0
"Neptunomyces","NV","paramo",5,1,1.35930358346407e-05
"Nigrograna","NV","paramo",5,0,0
"Nigrospora","NV","paramo",5,0,0
"Normandina","NV","paramo",5,0,0
"Obeliospora","NV","paramo",5,0,0
"Occultifur","NV","paramo",5,0,0
"Occultitheca","NV","paramo",5,1,0.000122122974560053
"Oidiodendron","NV","paramo",5,0,0
"Oliveonia","NV","paramo",5,0,0
"Ophiocordyceps","NV","paramo",5,0,0
"Orbilia","NV","paramo",5,0,0
"Ovicillium","NV","paramo",5,0,0
"Papiliotrema","NV","paramo",5,0,0
"Paraphaeosphaeria","NV","paramo",5,0,0
"Pectenia","NV","paramo",5,0,0
"Pellidiscus","NV","paramo",5,0,0
"Penicillium","NV","paramo",5,2,7.4909726316527e-05
"Peniophorella","NV","paramo",5,0,0
"Periconia","NV","paramo",5,0,0
"Pestalotiopsis","NV","paramo",5,0,0
"Pezicula","NV","paramo",5,5,0.00187963479998538
"Pezizellaster","NV","paramo",5,0,0
"Pezoloma","NV","paramo",5,0,0
"Phaeosphaeria","NV","paramo",5,0,0
"Phaeotremella","NV","paramo",5,0,0
"Phialocephala","NV","paramo",5,0,0
"Pholiota","NV","paramo",5,0,0
"Phylloscypha","NV","paramo",5,0,0
"Pilidium","NV","paramo",5,0,0
"Piptocephalis","NV","paramo",5,0,0
"Piskurozyma","NV","paramo",5,0,0
"Placynthiella","NV","paramo",5,0,0
"Plectosphaerella","NV","paramo",5,0,0
"Pleuroascus","NV","paramo",5,0,0
"Pochonia","NV","paramo",5,0,0
"Podila","NV","paramo",5,1,0.00536802998329582
"Podospora","NV","paramo",5,0,0
"Polydesmia","NV","paramo",5,0,0
"Polylobatispora","NV","paramo",5,1,0.00320631296234776
"Polyscytalum","NV","paramo",5,0,0
"Porpidia","NV","paramo",5,0,0
"Preussia","NV","paramo",5,0,0
"Protomerulius","NV","paramo",5,2,7.11109107702896e-05
"Psathyrella","NV","paramo",5,0,0
"Pseudoanungitea","NV","paramo",5,0,0
"Pseudoarthrographis","NV","paramo",5,1,1.06627996246695e-05
"Pseudocercospora","NV","paramo",5,0,0
"Pseudocladosporium","NV","paramo",5,0,0
"Pseudoconlarium","NV","paramo",5,0,0
"Pseudodactylaria","NV","paramo",5,0,0
"Pseudogymnoascus","NV","paramo",5,0,0
"Pseudohelotium","NV","paramo",5,0,0
"Pseudopenidiella","NV","paramo",5,1,1.85115585049392e-05
"Pseudophialocephala","NV","paramo",5,0,0
"Pseudophialophora","NV","paramo",5,0,0
"Pseudoplectania","NV","paramo",5,0,0
"Pseudorobillarda","NV","paramo",5,0,0
"Pseudosigmoidea","NV","paramo",5,0,0
"Psilocybe","NV","paramo",5,0,0
"Psoroglaena","NV","paramo",5,0,0
"Puccinia","NV","paramo",5,1,1.1463650868664e-05
"Pycnora","NV","paramo",5,0,0
"Pyrenochaetopsis","NV","paramo",5,0,0
"Rachicladosporium","NV","paramo",5,0,0
"Ramariopsis","NV","paramo",5,0,0
"Ramicandelaber","NV","paramo",5,0,0
"Ramichloridium","NV","paramo",5,0,0
"Recurvomyces","NV","paramo",5,0,0
"Renatobasidium","NV","paramo",5,0,0
"Rhexocercosporidium","NV","paramo",5,0,0
"Rhexodenticula","NV","paramo",5,0,0
"Rhizoglomus","NV","paramo",5,0,0
"Rhizophagus","NV","paramo",5,0,0
"Rhodosporidiobolus","NV","paramo",5,0,0
"Rhodotorula","NV","paramo",5,0,0
"Rickenella","NV","paramo",5,1,5.97116778981489e-05
"Saitozyma","NV","paramo",5,1,3.50387879382476e-05
"Sakaguchia","NV","paramo",5,0,0
"Sarcoleotia","NV","paramo",5,0,0
"Sarcopodium","NV","paramo",5,1,7.29243213830939e-06
"Sarocladium","NV","paramo",5,0,0
"Sawadaea","NV","paramo",5,0,0
"Schizothecium","NV","paramo",5,0,0
"Sclerococcum","NV","paramo",5,4,0.102243069946447
"Scutellinia","NV","paramo",5,0,0
"Scytalidium","NV","paramo",5,0,0
"Seiridium","NV","paramo",5,0,0
"Septoriella","NV","paramo",5,1,1.8124047779521e-05
"Serendipita","NV","paramo",5,5,0.0976772199292975
"Setophoma","NV","paramo",5,0,0
"Sistotrema","NV","paramo",5,2,9.27339497000264e-05
"Slooffia","NV","paramo",5,0,0
"Solicoccozyma","NV","paramo",5,0,0
"Sordaria","NV","paramo",5,0,0
"Spirosphaera","NV","paramo",5,0,0
"Sporidesmiella","NV","paramo",5,0,0
"Stachybotrys","NV","paramo",5,0,0
"Stagonospora","NV","paramo",5,0,0
"Stemphylium","NV","paramo",5,0,0
"Sympodiella","NV","paramo",5,1,1.00972137299668e-05
"Sympoventuria","NV","paramo",5,0,0
"Taeniospora","NV","paramo",5,0,0
"Talaromyces","NV","paramo",5,0,0
"Tausonia","NV","paramo",5,0,0
"Teichospora","NV","paramo",5,0,0
"Tephrocybe","NV","paramo",5,0,0
"Teratosphaeria","NV","paramo",5,3,0.000927376234825779
"Terramyces","NV","paramo",5,0,0
"Tetracladium","NV","paramo",5,0,0
"Tetraploa","NV","paramo",5,0,0
"Thelebolus","NV","paramo",5,0,0
"Thoreauomyces","NV","paramo",5,0,0
"Tilletiaria","NV","paramo",5,0,0
"Tolypocladium","NV","paramo",5,2,0.000372063282678351
"Trechispora","NV","paramo",5,2,3.3365990322839e-05
"Tremella","NV","paramo",5,0,0
"Tricellula","NV","paramo",5,0,0
"Trichoderma","NV","paramo",5,4,0.00185022360340851
"Trichomerium","NV","paramo",5,0,0
"Triscelophorus","NV","paramo",5,0,0
"Tubaria","NV","paramo",5,0,0
"Tulasnella","NV","paramo",5,0,0
"Umbelopsis","NV","paramo",5,0,0
"Usnea","NV","paramo",5,0,0
"Vanrija","NV","paramo",5,0,0
"Vermiculariopsiella","NV","paramo",5,0,0
"Verrucaria","NV","paramo",5,0,0
"Vertexicola","NV","paramo",5,0,0
"Verticillium","NV","paramo",5,0,0
"Vishniacozyma","NV","paramo",5,0,0
"Volutella","NV","paramo",5,0,0
"Wojnowiciella","NV","paramo",5,0,0
"Xenasmatella","NV","paramo",5,0,0
"Xenochalara","NV","paramo",5,0,0
"Xylodon","NV","paramo",5,1,1.00972137299668e-05
"Xylolentia","NV","paramo",5,0,0
"Yamadamyces","NV","paramo",5,0,0
